[
  {
    "model": "sites.site",
    "pk": 1,
    "fields": {
      "domain": "example.com",
      "name": "example.com"
    }
  },
  {
    "model": "accounts.user",
    "pk": 1,
    "fields": {
      "password": "pbkdf2_sha256$260000$W2NHUpzs803H57FHQvxlzo$O8fopXZiTEVKEqsnPFtH/EeekHdsYVQhk31YHTXJrkA=",
      "last_login": "2023-11-16T12:59:08.637Z",
      "is_superuser": true,
      "username": "admin",
      "first_name": "",
      "last_name": "",
      "email": "admin@local",
      "is_staff": true,
      "is_active": true,
      "date_joined": "2023-10-05T13:13:08.197Z",
      "created": "2023-10-05T13:13:08.197Z",
      "modified": "2023-11-16T12:59:08.638Z",
      "groups": [],
      "user_permissions": []
    }
  },
  {
    "model": "accounts.reviewer",
    "pk": 1,
    "fields": {
      "user": 1,
      "user_type": "GEL",
      "affiliation": "Other",
      "workplace": "Other",
      "role": "Other",
      "group": "Other"
    }
  },
  {
    "model": "accounts.user",
    "pk": 2,
    "fields": {
      "password": "pbkdf2_sha256$260000$W2NHUpzs803H57FHQvxlzo$O8fopXZiTEVKEqsnPFtH/EeekHdsYVQhk31YHTXJrkA=",
      "last_login": "2023-11-16T12:59:08.637Z",
      "is_superuser": true,
      "username": "TEST_Curator",
      "first_name": "Curator",
      "last_name": "Test",
      "email": "testcurator@domain.invalid",
      "is_staff": true,
      "is_active": true,
      "date_joined": "2023-10-05T13:13:08.197Z",
      "created": "2023-10-05T13:13:08.197Z",
      "modified": "2023-11-16T12:59:08.638Z",
      "groups": [],
      "user_permissions": []
    }
  },
  {
    "model": "accounts.reviewer",
    "pk": 2,
    "fields": {
      "user": 2,
      "user_type": "GEL",
      "affiliation": "Other",
      "workplace": "Other",
      "role": "Other",
      "group": "Other"
    }
  },
  {
    "model": "accounts.user",
    "pk": 3,
    "fields": {
      "password": "pbkdf2_sha256$260000$W2NHUpzs803H57FHQvxlzo$O8fopXZiTEVKEqsnPFtH/EeekHdsYVQhk31YHTXJrkA=",
      "last_login": "2023-11-16T12:59:08.637Z",
      "is_superuser": false,
      "username": "TEST_Reviewer",
      "first_name": "Reviewer",
      "last_name": "Test",
      "email": "testreviewer@domain.invalid",
      "is_staff": false,
      "is_active": true,
      "date_joined": "2023-10-05T13:13:08.197Z",
      "created": "2023-10-05T13:13:08.197Z",
      "modified": "2023-11-16T12:59:08.638Z",
      "groups": [],
      "user_permissions": []
    }
  },
  {
    "model": "accounts.reviewer",
    "pk": 3,
    "fields": {
      "user": 3,
      "user_type": "REVIEWER",
      "affiliation": "Other",
      "workplace": "Other",
      "role": "Other",
      "group": "Other"
    }
  },
  {
    "model": "panels.paneltype",
    "pk": 1,
    "fields": {
      "name": "Rare Disease Test Directory",
      "slug": "rare-disease-test-directory",
      "description": "Rare Disease Test Directory"
    }
  },
  {
    "model": "panels.paneltype",
    "pk": 2,
    "fields": {
      "name": "Actionable",
      "slug": "actionable",
      "description": "Actionable"
    }
  },
  {
    "model": "panels.paneltype",
    "pk": 3,
    "fields": {
      "name": "Rare Disease 100K",
      "slug": "rare-disease-100k",
      "description": "Rare Disease 100K"
    }
  },
  {
    "model": "panels.paneltype",
    "pk": 4,
    "fields": {
      "name": "Superpanel",
      "slug": "superpanel",
      "description": "Superpanel"
    }
  },
  {
    "model": "panels.paneltype",
    "pk": 5,
    "fields": {
      "name": "testing",
      "slug": "testing",
      "description": "testing"
    }
  },
  {
    "model": "panels.paneltype",
    "pk": 6,
    "fields": {
      "name": "Reference",
      "slug": "reference",
      "description": "Reference"
    }
  },
  {
    "model": "panels.paneltype",
    "pk": 7,
    "fields": {
      "name": "ClinGen Curated genes",
      "slug": "clingen-curated-genes",
      "description": "ClinGen Curated genes"
    }
  },
  {
    "model": "panels.paneltype",
    "pk": 8,
    "fields": {
      "name": "GA4GH collaboration",
      "slug": "ga4gh-collaboration",
      "description": "GA4GH collaboration"
    }
  },
  {
    "model": "panels.paneltype",
    "pk": 9,
    "fields": {
      "name": "External Diagnostic Lab",
      "slug": "external-diagnostic-lab",
      "description": "External Diagnostic Lab"
    }
  },
  {
    "model": "panels.paneltype",
    "pk": 10,
    "fields": {
      "name": "Cancer Test Directory",
      "slug": "cancer-test-directory",
      "description": "Cancer Test Directory"
    }
  },
  {
    "model": "panels.paneltype",
    "pk": 11,
    "fields": {
      "name": "Cancer Germline 100K",
      "slug": "cancer-germline-100k",
      "description": "Cancer Germline 100K"
    }
  },
  {
    "model": "panels.genepanel",
    "pk": 1,
    "fields": {
      "created": "2023-10-06T10:52:19.911Z",
      "modified": "2023-10-06T10:52:19.911Z",
      "old_pk": null,
      "name": "Test Panel 01",
      "status": "internal",
      "signed_off": null,
      "types": [3]
    }
  },
  {
    "model": "panels.genepanel",
    "pk": 2,
    "fields": {
      "created": "2023-10-06T10:52:35.865Z",
      "modified": "2023-10-06T10:52:41.104Z",
      "old_pk": null,
      "name": "Test Panel 02",
      "status": "public",
      "signed_off": null,
      "types": [1]
    }
  },
  {
    "model": "panels.activity",
    "pk": 1,
    "fields": {
      "created": "2023-10-06T10:52:19.917Z",
      "modified": "2023-10-06T10:52:19.917Z",
      "panel": 1,
      "user": 1,
      "text": "Added Panel Test Panel 01\nSet panel types to: Rare Disease 100K",
      "item_type": "panel",
      "entity_type": null,
      "entity_name": null,
      "extra_data": {
        "panel_id": 1,
        "item_type": "panel",
        "user_name": "",
        "panel_name": "Test Panel 01",
        "panel_version": "0.0"
      }
    }
  },
  {
    "model": "panels.activity",
    "pk": 2,
    "fields": {
      "created": "2023-10-06T10:52:35.870Z",
      "modified": "2023-10-06T10:52:35.870Z",
      "panel": 2,
      "user": 1,
      "text": "Added Panel Test Panel 02\nSet panel types to: Rare Disease Test Directory",
      "item_type": "panel",
      "entity_type": null,
      "entity_name": null,
      "extra_data": {
        "panel_id": 2,
        "item_type": "panel",
        "user_name": "",
        "panel_name": "Test Panel 02",
        "panel_version": "0.0"
      }
    }
  },
  {
    "model": "panels.activity",
    "pk": 3,
    "fields": {
      "created": "2023-10-06T10:52:41.109Z",
      "modified": "2023-10-06T10:52:41.109Z",
      "panel": 2,
      "user": 1,
      "text": "Panel status changed from internal to public",
      "item_type": "panel",
      "entity_type": null,
      "entity_name": null,
      "extra_data": {
        "panel_id": 2,
        "item_type": "panel",
        "user_name": "",
        "panel_name": "Test Panel 02",
        "panel_version": "0.1"
      }
    }
  },
  {
    "model": "panels.activity",
    "pk": 4,
    "fields": {
      "created": "2023-11-16T10:12:30.187Z",
      "modified": "2023-11-16T10:12:30.187Z",
      "panel": 2,
      "user": 1,
      "text": "gene: BRCA1 was added\ngene: BRCA1 was added to Test Panel 02. Sources: Radboud University Medical Center, Nijmegen\ntest01 tags were added to gene: BRCA1.\nMode of inheritance for gene: BRCA1 was set to MONOALLELIC, autosomal or pseudoautosomal, NOT imprinted\nPublications for gene: BRCA1 were set to 1234\nPenetrance for gene: BRCA1 were set to Complete\nMode of pathogenicity for gene: BRCA1 was set to Loss-of-function variants (as defined in pop up message) DO NOT cause this phenotype - please provide details in the comments\nReview for gene: BRCA1 was set to GREEN\ngene: BRCA1 was marked as current diagnostic\nAdded comment: Testing \nSources: Radboud University Medical Center, Nijmegen",
      "item_type": "entity",
      "entity_type": "gene",
      "entity_name": "BRCA1",
      "extra_data": {
        "panel_id": 2,
        "item_type": "entity",
        "user_name": "",
        "panel_name": "Test Panel 02",
        "entity_name": "BRCA1",
        "entity_type": "gene",
        "panel_version": "0.2"
      }
    }
  },
  {
    "model": "panels.activity",
    "pk": 5,
    "fields": {
      "created": "2023-11-16T10:13:35.057Z",
      "modified": "2023-11-16T10:13:35.057Z",
      "panel": 2,
      "user": 1,
      "text": "changed review comment from: Testing \nSources: Radboud University Medical Center, Nijmegen; to: Testing\r\nOver\r\nSeveral\r\nLines\r\nSources: Radboud University Medical Center, Nijmegen",
      "item_type": "entity",
      "entity_type": "gene",
      "entity_name": "BRCA1",
      "extra_data": {
        "panel_id": 2,
        "item_type": "entity",
        "user_name": "",
        "panel_name": "Test Panel 02",
        "entity_name": "BRCA1",
        "entity_type": "gene",
        "panel_version": "0.2"
      }
    }
  },
  {
    "model": "panels.activity",
    "pk": 6,
    "fields": {
      "created": "2023-11-16T11:44:27.670Z",
      "modified": "2023-11-16T11:44:27.670Z",
      "panel": 2,
      "user": 1,
      "text": "Gene: brca1 has been classified as Green List (High Evidence).",
      "item_type": "entity",
      "entity_type": "gene",
      "entity_name": "BRCA1",
      "extra_data": {
        "panel_id": 2,
        "item_type": "entity",
        "user_name": "",
        "panel_name": "Test Panel 02",
        "entity_name": "BRCA1",
        "entity_type": "gene",
        "panel_version": "0.3"
      }
    }
  },
  {
    "model": "panels.activity",
    "pk": 7,
    "fields": {
      "created": "2023-11-16T11:44:27.677Z",
      "modified": "2023-11-16T11:44:27.677Z",
      "panel": 2,
      "user": 1,
      "text": "Classified gene: BRCA1 as Green List (high evidence)",
      "item_type": "entity",
      "entity_type": "gene",
      "entity_name": "BRCA1",
      "extra_data": {
        "panel_id": 2,
        "item_type": "entity",
        "user_name": "",
        "panel_name": "Test Panel 02",
        "entity_name": "BRCA1",
        "entity_type": "gene",
        "panel_version": "0.3"
      }
    }
  },
  {
    "model": "panels.activity",
    "pk": 8,
    "fields": {
      "created": "2023-11-16T11:45:04.811Z",
      "modified": "2023-11-16T11:45:04.811Z",
      "panel": 2,
      "user": 1,
      "text": "gene: AAAS was added\ngene: AAAS was added to Test Panel 02. Sources: Other\ntest02 tags were added to gene: AAAS.\nMode of inheritance for gene: AAAS was set to MONOALLELIC, autosomal or pseudoautosomal, maternally imprinted (paternal allele expressed)\nMode of pathogenicity for gene: AAAS was set to Other\nReview for gene: AAAS was set to GREEN\nAdded comment: This is a comment \nSources: Other",
      "item_type": "entity",
      "entity_type": "gene",
      "entity_name": "AAAS",
      "extra_data": {
        "panel_id": 2,
        "item_type": "entity",
        "user_name": "",
        "panel_name": "Test Panel 02",
        "entity_name": "AAAS",
        "entity_type": "gene",
        "panel_version": "0.4"
      }
    }
  },
  {
    "model": "panels.activity",
    "pk": 9,
    "fields": {
      "created": "2023-11-16T11:45:14.328Z",
      "modified": "2023-11-16T11:45:14.328Z",
      "panel": 2,
      "user": 1,
      "text": "Gene: aaas has been classified as Green List (High Evidence).",
      "item_type": "entity",
      "entity_type": "gene",
      "entity_name": "AAAS",
      "extra_data": {
        "panel_id": 2,
        "item_type": "entity",
        "user_name": "",
        "panel_name": "Test Panel 02",
        "entity_name": "AAAS",
        "entity_type": "gene",
        "panel_version": "0.5"
      }
    }
  },
  {
    "model": "panels.activity",
    "pk": 10,
    "fields": {
      "created": "2023-11-16T11:45:14.333Z",
      "modified": "2023-11-16T11:45:14.333Z",
      "panel": 2,
      "user": 1,
      "text": "Classified gene: AAAS as Green List (high evidence)",
      "item_type": "entity",
      "entity_type": "gene",
      "entity_name": "AAAS",
      "extra_data": {
        "panel_id": 2,
        "item_type": "entity",
        "user_name": "",
        "panel_name": "Test Panel 02",
        "entity_name": "AAAS",
        "entity_type": "gene",
        "panel_version": "0.5"
      }
    }
  },
  {
    "model": "panels.activity",
    "pk": 11,
    "fields": {
      "created": "2023-11-16T11:45:57.458Z",
      "modified": "2023-11-16T11:45:57.458Z",
      "panel": 2,
      "user": 1,
      "text": "gene: CCDC154 was added\ngene: CCDC154 was added to Test Panel 02. Sources: Other\ntest03 tags were added to gene: CCDC154.\nMode of inheritance for gene: CCDC154 was set to X-LINKED: hemizygous mutation in males, biallelic mutations in females\nReview for gene: CCDC154 was set to AMBER\nAdded comment: This is a comment \nSources: Other",
      "item_type": "entity",
      "entity_type": "gene",
      "entity_name": "CCDC154",
      "extra_data": {
        "panel_id": 2,
        "item_type": "entity",
        "user_name": "",
        "panel_name": "Test Panel 02",
        "entity_name": "CCDC154",
        "entity_type": "gene",
        "panel_version": "0.6"
      }
    }
  },
  {
    "model": "panels.activity",
    "pk": 12,
    "fields": {
      "created": "2023-11-16T11:46:04.985Z",
      "modified": "2023-11-16T11:46:04.985Z",
      "panel": 2,
      "user": 1,
      "text": "Gene: ccdc154 has been classified as Amber List (Moderate Evidence).",
      "item_type": "entity",
      "entity_type": "gene",
      "entity_name": "CCDC154",
      "extra_data": {
        "panel_id": 2,
        "item_type": "entity",
        "user_name": "",
        "panel_name": "Test Panel 02",
        "entity_name": "CCDC154",
        "entity_type": "gene",
        "panel_version": "0.7"
      }
    }
  },
  {
    "model": "panels.activity",
    "pk": 13,
    "fields": {
      "created": "2023-11-16T11:46:04.987Z",
      "modified": "2023-11-16T11:46:04.987Z",
      "panel": 2,
      "user": 1,
      "text": "Classified gene: CCDC154 as Amber List (moderate evidence)",
      "item_type": "entity",
      "entity_type": "gene",
      "entity_name": "CCDC154",
      "extra_data": {
        "panel_id": 2,
        "item_type": "entity",
        "user_name": "",
        "panel_name": "Test Panel 02",
        "entity_name": "CCDC154",
        "entity_type": "gene",
        "panel_version": "0.7"
      }
    }
  },
  {
    "model": "panels.activity",
    "pk": 14,
    "fields": {
      "created": "2023-11-16T11:48:03.973Z",
      "modified": "2023-11-16T11:48:03.973Z",
      "panel": 2,
      "user": 1,
      "text": "gene: DEFB115 was added\ngene: DEFB115 was added to Test Panel 02. Sources: UKGTN\nMode of inheritance for gene: DEFB115 was set to Unknown\nReview for gene: DEFB115 was set to GREEN\nAdded comment: This is a comment \nSources: UKGTN",
      "item_type": "entity",
      "entity_type": "gene",
      "entity_name": "DEFB115",
      "extra_data": {
        "panel_id": 2,
        "item_type": "entity",
        "user_name": "",
        "panel_name": "Test Panel 02",
        "entity_name": "DEFB115",
        "entity_type": "gene",
        "panel_version": "0.8"
      }
    }
  },
  {
    "model": "panels.activity",
    "pk": 15,
    "fields": {
      "created": "2023-11-16T11:48:15.179Z",
      "modified": "2023-11-16T11:48:15.179Z",
      "panel": 2,
      "user": 1,
      "text": "Gene: defb115 has been classified as Green List (High Evidence).",
      "item_type": "entity",
      "entity_type": "gene",
      "entity_name": "DEFB115",
      "extra_data": {
        "panel_id": 2,
        "item_type": "entity",
        "user_name": "",
        "panel_name": "Test Panel 02",
        "entity_name": "DEFB115",
        "entity_type": "gene",
        "panel_version": "0.9"
      }
    }
  },
  {
    "model": "panels.activity",
    "pk": 16,
    "fields": {
      "created": "2023-11-16T11:48:15.187Z",
      "modified": "2023-11-16T11:48:15.187Z",
      "panel": 2,
      "user": 1,
      "text": "Added comment: Comment on list classification: Yes",
      "item_type": "entity",
      "entity_type": "gene",
      "entity_name": "DEFB115",
      "extra_data": {
        "panel_id": 2,
        "item_type": "entity",
        "user_name": "",
        "panel_name": "Test Panel 02",
        "entity_name": "DEFB115",
        "entity_type": "gene",
        "panel_version": "0.9"
      }
    }
  },
  {
    "model": "panels.activity",
    "pk": 17,
    "fields": {
      "created": "2023-11-16T11:48:15.188Z",
      "modified": "2023-11-16T11:48:15.188Z",
      "panel": 2,
      "user": 1,
      "text": "Classified gene: DEFB115 as Green List (high evidence)",
      "item_type": "entity",
      "entity_type": "gene",
      "entity_name": "DEFB115",
      "extra_data": {
        "panel_id": 2,
        "item_type": "entity",
        "user_name": "",
        "panel_name": "Test Panel 02",
        "entity_name": "DEFB115",
        "entity_type": "gene",
        "panel_version": "0.9"
      }
    }
  },
  {
    "model": "panels.activity",
    "pk": 18,
    "fields": {
      "created": "2023-11-16T11:48:49.723Z",
      "modified": "2023-11-16T11:48:49.723Z",
      "panel": 2,
      "user": 1,
      "text": "gene: EIF3C was added\ngene: EIF3C was added to Test Panel 02. Sources: Other\nMode of inheritance for gene: EIF3C was set to BIALLELIC, autosomal or pseudoautosomal\nReview for gene: EIF3C was set to AMBER\nAdded comment: This is a comment \nSources: Other",
      "item_type": "entity",
      "entity_type": "gene",
      "entity_name": "EIF3C",
      "extra_data": {
        "panel_id": 2,
        "item_type": "entity",
        "user_name": "",
        "panel_name": "Test Panel 02",
        "entity_name": "EIF3C",
        "entity_type": "gene",
        "panel_version": "0.10"
      }
    }
  },
  {
    "model": "panels.activity",
    "pk": 19,
    "fields": {
      "created": "2023-11-16T11:48:58.066Z",
      "modified": "2023-11-16T11:48:58.066Z",
      "panel": 2,
      "user": 1,
      "text": "Gene: eif3c has been classified as Amber List (Moderate Evidence).",
      "item_type": "entity",
      "entity_type": "gene",
      "entity_name": "EIF3C",
      "extra_data": {
        "panel_id": 2,
        "item_type": "entity",
        "user_name": "",
        "panel_name": "Test Panel 02",
        "entity_name": "EIF3C",
        "entity_type": "gene",
        "panel_version": "0.11"
      }
    }
  },
  {
    "model": "panels.activity",
    "pk": 20,
    "fields": {
      "created": "2023-11-16T11:48:58.074Z",
      "modified": "2023-11-16T11:48:58.074Z",
      "panel": 2,
      "user": 1,
      "text": "Classified gene: EIF3C as Amber List (moderate evidence)",
      "item_type": "entity",
      "entity_type": "gene",
      "entity_name": "EIF3C",
      "extra_data": {
        "panel_id": 2,
        "item_type": "entity",
        "user_name": "",
        "panel_name": "Test Panel 02",
        "entity_name": "EIF3C",
        "entity_type": "gene",
        "panel_version": "0.11"
      }
    }
  },
  {
    "model": "panels.activity",
    "pk": 21,
    "fields": {
      "created": "2023-11-16T12:44:41.105Z",
      "modified": "2023-11-16T12:44:41.105Z",
      "panel": 1,
      "user": 1,
      "text": "gene: AAAS was added\ngene: AAAS was added to Test Panel 01. Sources: Emory Genetics Laboratory\ntest04 tags were added to gene: AAAS.\nMode of inheritance for gene: AAAS was set to BOTH monoallelic and biallelic (but BIALLELIC mutations cause a more SEVERE disease form), autosomal or pseudoautosomal\nReview for gene: AAAS was set to AMBER\nAdded comment: This is a comment \nSources: Emory Genetics Laboratory",
      "item_type": "entity",
      "entity_type": "gene",
      "entity_name": "AAAS",
      "extra_data": {
        "panel_id": 1,
        "item_type": "entity",
        "user_name": "",
        "panel_name": "Test Panel 01",
        "entity_name": "AAAS",
        "entity_type": "gene",
        "panel_version": "0.1"
      }
    }
  },
  {
    "model": "panels.activity",
    "pk": 22,
    "fields": {
      "created": "2023-11-16T12:44:48.385Z",
      "modified": "2023-11-16T12:44:48.385Z",
      "panel": 1,
      "user": 1,
      "text": "Gene: aaas has been classified as Amber List (Moderate Evidence).",
      "item_type": "entity",
      "entity_type": "gene",
      "entity_name": "AAAS",
      "extra_data": {
        "panel_id": 1,
        "item_type": "entity",
        "user_name": "",
        "panel_name": "Test Panel 01",
        "entity_name": "AAAS",
        "entity_type": "gene",
        "panel_version": "0.2"
      }
    }
  },
  {
    "model": "panels.activity",
    "pk": 23,
    "fields": {
      "created": "2023-11-16T12:44:48.391Z",
      "modified": "2023-11-16T12:44:48.391Z",
      "panel": 1,
      "user": 1,
      "text": "Classified gene: AAAS as Amber List (moderate evidence)",
      "item_type": "entity",
      "entity_type": "gene",
      "entity_name": "AAAS",
      "extra_data": {
        "panel_id": 1,
        "item_type": "entity",
        "user_name": "",
        "panel_name": "Test Panel 01",
        "entity_name": "AAAS",
        "entity_type": "gene",
        "panel_version": "0.2"
      }
    }
  },
  {
    "model": "panels.comment",
    "pk": 1,
    "fields": {
      "created": "2023-11-16T10:12:30.147Z",
      "modified": "2023-11-16T10:12:30.147Z",
      "user": 1,
      "comment": "Testing",
      "flagged": false,
      "last_updated": null,
      "version": null
    }
  },
  {
    "model": "panels.comment",
    "pk": 2,
    "fields": {
      "created": "2023-11-16T10:12:30.174Z",
      "modified": "2023-11-16T10:13:35.050Z",
      "user": 1,
      "comment": "Testing\r\nOver\r\nSeveral\r\nLines\r\nSources: Radboud University Medical Center, Nijmegen",
      "flagged": false,
      "last_updated": "2023-11-16T10:13:35.050Z",
      "version": "0.2"
    }
  },
  {
    "model": "panels.comment",
    "pk": 3,
    "fields": {
      "created": "2023-11-16T11:45:04.768Z",
      "modified": "2023-11-16T11:45:04.768Z",
      "user": 1,
      "comment": "This is a comment",
      "flagged": false,
      "last_updated": null,
      "version": null
    }
  },
  {
    "model": "panels.comment",
    "pk": 4,
    "fields": {
      "created": "2023-11-16T11:45:04.795Z",
      "modified": "2023-11-16T11:45:04.795Z",
      "user": 1,
      "comment": "This is a comment \nSources: Other",
      "flagged": false,
      "last_updated": null,
      "version": null
    }
  },
  {
    "model": "panels.comment",
    "pk": 5,
    "fields": {
      "created": "2023-11-16T11:45:57.415Z",
      "modified": "2023-11-16T11:45:57.415Z",
      "user": 1,
      "comment": "This is a comment",
      "flagged": false,
      "last_updated": null,
      "version": null
    }
  },
  {
    "model": "panels.comment",
    "pk": 6,
    "fields": {
      "created": "2023-11-16T11:45:57.441Z",
      "modified": "2023-11-16T11:45:57.441Z",
      "user": 1,
      "comment": "This is a comment \nSources: Other",
      "flagged": false,
      "last_updated": null,
      "version": null
    }
  },
  {
    "model": "panels.comment",
    "pk": 7,
    "fields": {
      "created": "2023-11-16T11:48:03.940Z",
      "modified": "2023-11-16T11:48:03.940Z",
      "user": 1,
      "comment": "This is a comment",
      "flagged": false,
      "last_updated": null,
      "version": null
    }
  },
  {
    "model": "panels.comment",
    "pk": 8,
    "fields": {
      "created": "2023-11-16T11:48:03.958Z",
      "modified": "2023-11-16T11:48:03.958Z",
      "user": 1,
      "comment": "This is a comment \nSources: UKGTN",
      "flagged": false,
      "last_updated": null,
      "version": null
    }
  },
  {
    "model": "panels.comment",
    "pk": 9,
    "fields": {
      "created": "2023-11-16T11:48:15.182Z",
      "modified": "2023-11-16T11:48:15.182Z",
      "user": 1,
      "comment": "Comment on list classification: Yes",
      "flagged": false,
      "last_updated": "2023-11-16T11:48:15.182Z",
      "version": "0.9"
    }
  },
  {
    "model": "panels.comment",
    "pk": 10,
    "fields": {
      "created": "2023-11-16T11:48:49.686Z",
      "modified": "2023-11-16T11:48:49.686Z",
      "user": 1,
      "comment": "This is a comment",
      "flagged": false,
      "last_updated": null,
      "version": null
    }
  },
  {
    "model": "panels.comment",
    "pk": 11,
    "fields": {
      "created": "2023-11-16T11:48:49.707Z",
      "modified": "2023-11-16T11:48:49.707Z",
      "user": 1,
      "comment": "This is a comment \nSources: Other",
      "flagged": false,
      "last_updated": null,
      "version": null
    }
  },
  {
    "model": "panels.comment",
    "pk": 12,
    "fields": {
      "created": "2023-11-16T12:44:41.061Z",
      "modified": "2023-11-16T12:44:41.061Z",
      "user": 1,
      "comment": "This is a comment",
      "flagged": false,
      "last_updated": null,
      "version": null
    }
  },
  {
    "model": "panels.comment",
    "pk": 13,
    "fields": {
      "created": "2023-11-16T12:44:41.089Z",
      "modified": "2023-11-16T12:44:41.089Z",
      "user": 1,
      "comment": "This is a comment \nSources: Emory Genetics Laboratory",
      "flagged": false,
      "last_updated": null,
      "version": null
    }
  },
  {
    "model": "panels.evaluation",
    "pk": 1,
    "fields": {
      "created": "2023-11-16T10:12:30.172Z",
      "modified": "2023-11-16T10:13:35.054Z",
      "user": 1,
      "rating": "GREEN",
      "mode_of_pathogenicity": "Loss-of-function variants (as defined in pop up message) DO NOT cause this phenotype - please provide details in the comments",
      "publications": "[\"1234\"]",
      "phenotypes": "[]",
      "moi": "MONOALLELIC, autosomal or pseudoautosomal, NOT imprinted",
      "current_diagnostic": true,
      "clinically_relevant": null,
      "version": "0.2",
      "original_panel": "",
      "last_updated": "2023-11-16T10:13:35.050Z",
      "comments": [2]
    }
  },
  {
    "model": "panels.evaluation",
    "pk": 2,
    "fields": {
      "created": "2023-11-16T11:45:04.792Z",
      "modified": "2023-11-16T11:45:04.792Z",
      "user": 1,
      "rating": "GREEN",
      "mode_of_pathogenicity": "Other",
      "publications": "[]",
      "phenotypes": "[]",
      "moi": "MONOALLELIC, autosomal or pseudoautosomal, maternally imprinted (paternal allele expressed)",
      "current_diagnostic": false,
      "clinically_relevant": null,
      "version": "0.4",
      "original_panel": "",
      "last_updated": null,
      "comments": [4]
    }
  },
  {
    "model": "panels.evaluation",
    "pk": 3,
    "fields": {
      "created": "2023-11-16T11:45:57.439Z",
      "modified": "2023-11-16T11:45:57.439Z",
      "user": 1,
      "rating": "AMBER",
      "mode_of_pathogenicity": null,
      "publications": "[]",
      "phenotypes": "[]",
      "moi": "X-LINKED: hemizygous mutation in males, biallelic mutations in females",
      "current_diagnostic": false,
      "clinically_relevant": null,
      "version": "0.6",
      "original_panel": "",
      "last_updated": null,
      "comments": [6]
    }
  },
  {
    "model": "panels.evaluation",
    "pk": 4,
    "fields": {
      "created": "2023-11-16T11:48:03.955Z",
      "modified": "2023-11-16T11:48:03.955Z",
      "user": 1,
      "rating": "GREEN",
      "mode_of_pathogenicity": null,
      "publications": "[]",
      "phenotypes": "[]",
      "moi": "Unknown",
      "current_diagnostic": false,
      "clinically_relevant": null,
      "version": "0.8",
      "original_panel": "",
      "last_updated": null,
      "comments": [9, 8]
    }
  },
  {
    "model": "panels.evaluation",
    "pk": 5,
    "fields": {
      "created": "2023-11-16T11:48:49.704Z",
      "modified": "2023-11-16T11:48:49.704Z",
      "user": 1,
      "rating": "AMBER",
      "mode_of_pathogenicity": null,
      "publications": "[]",
      "phenotypes": "[]",
      "moi": "BIALLELIC, autosomal or pseudoautosomal",
      "current_diagnostic": false,
      "clinically_relevant": null,
      "version": "0.10",
      "original_panel": "",
      "last_updated": null,
      "comments": [11]
    }
  },
  {
    "model": "panels.evaluation",
    "pk": 6,
    "fields": {
      "created": "2023-11-16T12:44:41.086Z",
      "modified": "2023-11-16T12:44:41.086Z",
      "user": 1,
      "rating": "AMBER",
      "mode_of_pathogenicity": null,
      "publications": "[]",
      "phenotypes": "[]",
      "moi": "BOTH monoallelic and biallelic (but BIALLELIC mutations cause a more SEVERE disease form), autosomal or pseudoautosomal",
      "current_diagnostic": false,
      "clinically_relevant": null,
      "version": "0.1",
      "original_panel": "",
      "last_updated": null,
      "comments": [13]
    }
  },
  {
    "model": "panels.evidence",
    "pk": 1,
    "fields": {
      "created": "2023-11-16T10:12:30.154Z",
      "modified": "2023-11-16T10:12:30.154Z",
      "name": "Radboud University Medical Center, Nijmegen",
      "rating": 5,
      "comment": "",
      "reviewer": 1,
      "legacy_type": null
    }
  },
  {
    "model": "panels.evidence",
    "pk": 2,
    "fields": {
      "created": "2023-11-16T11:44:27.658Z",
      "modified": "2023-11-16T11:44:27.658Z",
      "name": "Expert Review Green",
      "rating": 5,
      "comment": "",
      "reviewer": 1,
      "legacy_type": null
    }
  },
  {
    "model": "panels.evidence",
    "pk": 3,
    "fields": {
      "created": "2023-11-16T11:45:04.774Z",
      "modified": "2023-11-16T11:45:04.774Z",
      "name": "Other",
      "rating": 5,
      "comment": "",
      "reviewer": 1,
      "legacy_type": null
    }
  },
  {
    "model": "panels.evidence",
    "pk": 4,
    "fields": {
      "created": "2023-11-16T11:45:14.316Z",
      "modified": "2023-11-16T11:45:14.316Z",
      "name": "Expert Review Green",
      "rating": 5,
      "comment": "",
      "reviewer": 1,
      "legacy_type": null
    }
  },
  {
    "model": "panels.evidence",
    "pk": 5,
    "fields": {
      "created": "2023-11-16T11:45:57.421Z",
      "modified": "2023-11-16T11:45:57.421Z",
      "name": "Other",
      "rating": 5,
      "comment": "",
      "reviewer": 1,
      "legacy_type": null
    }
  },
  {
    "model": "panels.evidence",
    "pk": 6,
    "fields": {
      "created": "2023-11-16T11:46:04.980Z",
      "modified": "2023-11-16T11:46:04.980Z",
      "name": "Expert Review Amber",
      "rating": 5,
      "comment": "",
      "reviewer": 1,
      "legacy_type": null
    }
  },
  {
    "model": "panels.evidence",
    "pk": 7,
    "fields": {
      "created": "2023-11-16T11:48:03.947Z",
      "modified": "2023-11-16T11:48:03.947Z",
      "name": "UKGTN",
      "rating": 5,
      "comment": "",
      "reviewer": 1,
      "legacy_type": null
    }
  },
  {
    "model": "panels.evidence",
    "pk": 8,
    "fields": {
      "created": "2023-11-16T11:48:15.169Z",
      "modified": "2023-11-16T11:48:15.169Z",
      "name": "Expert Review Green",
      "rating": 5,
      "comment": "",
      "reviewer": 1,
      "legacy_type": null
    }
  },
  {
    "model": "panels.evidence",
    "pk": 9,
    "fields": {
      "created": "2023-11-16T11:48:49.692Z",
      "modified": "2023-11-16T11:48:49.692Z",
      "name": "Other",
      "rating": 5,
      "comment": "",
      "reviewer": 1,
      "legacy_type": null
    }
  },
  {
    "model": "panels.evidence",
    "pk": 10,
    "fields": {
      "created": "2023-11-16T11:48:58.052Z",
      "modified": "2023-11-16T11:48:58.052Z",
      "name": "Expert Review Amber",
      "rating": 5,
      "comment": "",
      "reviewer": 1,
      "legacy_type": null
    }
  },
  {
    "model": "panels.evidence",
    "pk": 11,
    "fields": {
      "created": "2023-11-16T12:44:41.068Z",
      "modified": "2023-11-16T12:44:41.068Z",
      "name": "Emory Genetics Laboratory",
      "rating": 5,
      "comment": "",
      "reviewer": 1,
      "legacy_type": null
    }
  },
  {
    "model": "panels.evidence",
    "pk": 12,
    "fields": {
      "created": "2023-11-16T12:44:48.373Z",
      "modified": "2023-11-16T12:44:48.373Z",
      "name": "Expert Review Amber",
      "rating": 5,
      "comment": "",
      "reviewer": 1,
      "legacy_type": null
    }
  },
  {
    "model": "panels.gene",
    "pk": "AAAS",
    "fields": {
      "gene_name": "aladin WD repeat nucleoporin",
      "ensembl_genes": {
        "GRch37": {
          "82": {
            "location": "12:53701240-53718648",
            "ensembl_id": "ENSG00000094914"
          }
        },
        "GRch38": {
          "90": {
            "location": "12:53307456-53324864",
            "ensembl_id": "ENSG00000094914"
          }
        }
      },
      "omim_gene": "[\"605378\"]",
      "alias": "[]",
      "biotype": "protein_coding",
      "alias_name": "[\"aladin\", \"Allgrove, triple-A\", \"adracalin\"]",
      "hgnc_symbol": "AAAS",
      "hgnc_date_symbol_changed": "2000-11-08",
      "hgnc_release": "2017-11-03",
      "hgnc_id": "HGNC:13666",
      "active": true
    }
  },
  {
    "model": "panels.gene",
    "pk": "BRCA1",
    "fields": {
      "gene_name": "BRCA1, DNA repair associated",
      "ensembl_genes": {
        "GRch37": {
          "82": {
            "location": "17:41196312-41277500",
            "ensembl_id": "ENSG00000012048"
          }
        },
        "GRch38": {
          "90": {
            "location": "17:43044295-43170245",
            "ensembl_id": "ENSG00000012048"
          }
        }
      },
      "omim_gene": "[\"113705\"]",
      "alias": "[\"RNF53\", \"BRCC1\", \"PPP1R53\", \"FANCS\"]",
      "biotype": "protein_coding",
      "alias_name": "[\"BRCA1/BRCA2-containing complex, subunit 1\", \"protein phosphatase 1, regulatory subunit 53\", \"Fanconi anemia, complementation group S\"]",
      "hgnc_symbol": "BRCA1",
      "hgnc_date_symbol_changed": "1991-02-20",
      "hgnc_release": "2017-11-03",
      "hgnc_id": "HGNC:1100",
      "active": true
    }
  },
  {
    "model": "panels.gene",
    "pk": "CCDC154",
    "fields": {
      "gene_name": "coiled-coil domain containing 154",
      "ensembl_genes": {
        "GRch37": {
          "82": {
            "location": "16:1484384-1494557",
            "ensembl_id": "ENSG00000197599"
          }
        },
        "GRch38": {
          "90": {
            "location": "16:1434383-1444556",
            "ensembl_id": "ENSG00000197599"
          }
        }
      },
      "omim_gene": null,
      "alias": "[\"LOC645811\"]",
      "biotype": "protein_coding",
      "alias_name": null,
      "hgnc_symbol": "CCDC154",
      "hgnc_date_symbol_changed": "2008-08-07",
      "hgnc_release": "2017-11-03",
      "hgnc_id": "HGNC:34454",
      "active": true
    }
  },
  {
    "model": "panels.gene",
    "pk": "DEFB115",
    "fields": {
      "gene_name": "defensin beta 115",
      "ensembl_genes": {
        "GRch37": {
          "82": {
            "location": "20:29845467-29847435",
            "ensembl_id": "ENSG00000215547"
          }
        },
        "GRch38": {
          "90": {
            "location": "20:31257664-31259632",
            "ensembl_id": "ENSG00000215547"
          }
        }
      },
      "omim_gene": null,
      "alias": "[\"DEFB-15\"]",
      "biotype": "protein_coding",
      "alias_name": null,
      "hgnc_symbol": "DEFB115",
      "hgnc_date_symbol_changed": "2002-05-09",
      "hgnc_release": "2017-11-03",
      "hgnc_id": "HGNC:18096",
      "active": true
    }
  },
  {
    "model": "panels.gene",
    "pk": "EIF3C",
    "fields": {
      "gene_name": "eukaryotic translation initiation factor 3 subunit C",
      "ensembl_genes": {
        "GRch37": {
          "82": {
            "location": "16:28699879-28747051",
            "ensembl_id": "ENSG00000184110"
          }
        },
        "GRch38": {
          "90": {
            "location": "16:28688558-28735730",
            "ensembl_id": "ENSG00000184110"
          }
        }
      },
      "omim_gene": "[\"603916\"]",
      "alias": "[\"eIF3-p110\", \"eIF3c\"]",
      "biotype": "protein_coding",
      "alias_name": null,
      "hgnc_symbol": "EIF3C",
      "hgnc_date_symbol_changed": "2007-07-27",
      "hgnc_release": "2017-11-03",
      "hgnc_id": "HGNC:3279",
      "active": true
    }
  },
  {
    "model": "panels.gene",
    "pk": "FPR2",
    "fields": {
      "gene_name": "formyl peptide receptor 2",
      "ensembl_genes": {
        "GRch37": {
          "82": {
            "location": "19:52255279-52273779",
            "ensembl_id": "ENSG00000171049"
          }
        },
        "GRch38": {
          "90": {
            "location": "19:51752026-51770526",
            "ensembl_id": "ENSG00000171049"
          }
        }
      },
      "omim_gene": "[\"136538\"]",
      "alias": "[\"LXA4R\", \"HM63\", \"FPRH2\", \"FMLPX\", \"FPR2A\", \"FMLP-R-II\", \"ALXR\"]",
      "biotype": "protein_coding",
      "alias_name": null,
      "hgnc_symbol": "FPR2",
      "hgnc_date_symbol_changed": "2008-04-17",
      "hgnc_release": "2017-11-03",
      "hgnc_id": "HGNC:3827",
      "active": true
    }
  },
  {
    "model": "panels.gene",
    "pk": "GCSHP4",
    "fields": {
      "gene_name": "glycine cleavage system protein H pseudogene 4",
      "ensembl_genes": {
        "GRch37": {
          "82": {
            "location": "12:8293764-8295293",
            "ensembl_id": "ENSG00000256171"
          }
        },
        "GRch38": {
          "90": {
            "location": "12:8141168-8142697",
            "ensembl_id": "ENSG00000256171"
          }
        }
      },
      "omim_gene": null,
      "alias": "[]",
      "biotype": "processed_pseudogene",
      "alias_name": null,
      "hgnc_symbol": "GCSHP4",
      "hgnc_date_symbol_changed": "2012-05-04",
      "hgnc_release": "2017-11-03",
      "hgnc_id": "HGNC:43930",
      "active": true
    }
  },
  {
    "model": "panels.gene",
    "pk": "HKDC1",
    "fields": {
      "gene_name": "hexokinase domain containing 1",
      "ensembl_genes": {
        "GRch37": {
          "82": {
            "location": "10:70980059-71027315",
            "ensembl_id": "ENSG00000156510"
          }
        },
        "GRch38": {
          "90": {
            "location": "10:69220303-69267559",
            "ensembl_id": "ENSG00000156510"
          }
        }
      },
      "omim_gene": "[\"617221\"]",
      "alias": "[\"FLJ37767\", \"FLJ22761\"]",
      "biotype": "protein_coding",
      "alias_name": null,
      "hgnc_symbol": "HKDC1",
      "hgnc_date_symbol_changed": "2004-05-27",
      "hgnc_release": "2017-11-03",
      "hgnc_id": "HGNC:23302",
      "active": true
    }
  },
  {
    "model": "panels.gene",
    "pk": "IFNK",
    "fields": {
      "gene_name": "interferon kappa",
      "ensembl_genes": {
        "GRch37": {
          "82": {
            "location": "9:27524312-27526496",
            "ensembl_id": "ENSG00000147896"
          }
        },
        "GRch38": {
          "90": {
            "location": "9:27524314-27526498",
            "ensembl_id": "ENSG00000147896"
          }
        }
      },
      "omim_gene": "[\"615326\"]",
      "alias": "[]",
      "biotype": "protein_coding",
      "alias_name": null,
      "hgnc_symbol": "IFNK",
      "hgnc_date_symbol_changed": "2004-02-10",
      "hgnc_release": "2017-11-03",
      "hgnc_id": "HGNC:21714",
      "active": true
    }
  },
  {
    "model": "panels.gene",
    "pk": "JUN",
    "fields": {
      "gene_name": "Jun proto-oncogene, AP-1 transcription factor subunit",
      "ensembl_genes": {
        "GRch37": {
          "82": {
            "location": "1:59246465-59249785",
            "ensembl_id": "ENSG00000177606"
          }
        },
        "GRch38": {
          "90": {
            "location": "1:58780788-58784327",
            "ensembl_id": "ENSG00000177606"
          }
        }
      },
      "omim_gene": "[\"165160\"]",
      "alias": "[\"c-Jun\", \"AP-1\"]",
      "biotype": "protein_coding",
      "alias_name": null,
      "hgnc_symbol": "JUN",
      "hgnc_date_symbol_changed": "1988-05-11",
      "hgnc_release": "2017-11-03",
      "hgnc_id": "HGNC:6204",
      "active": true
    }
  },
  {
    "model": "panels.gene",
    "pk": "KLHL38",
    "fields": {
      "gene_name": "kelch like family member 38",
      "ensembl_genes": {
        "GRch37": {
          "82": {
            "location": "8:124657767-124665190",
            "ensembl_id": "ENSG00000175946"
          }
        },
        "GRch38": {
          "90": {
            "location": "8:123645527-123652950",
            "ensembl_id": "ENSG00000175946"
          }
        }
      },
      "omim_gene": null,
      "alias": "[\"C8ORFK36\"]",
      "biotype": "protein_coding",
      "alias_name": null,
      "hgnc_symbol": "KLHL38",
      "hgnc_date_symbol_changed": "2008-07-25",
      "hgnc_release": "2017-11-03",
      "hgnc_id": "HGNC:34435",
      "active": true
    }
  },
  {
    "model": "panels.gene",
    "pk": "LINC01254",
    "fields": {
      "gene_name": "long intergenic non-protein coding RNA 1254",
      "ensembl_genes": {
        "GRch37": {
          "82": {
            "location": "18:10405130-10414512",
            "ensembl_id": "ENSG00000260913"
          }
        },
        "GRch38": {
          "90": {
            "location": "18:10405133-10414515",
            "ensembl_id": "ENSG00000260913"
          }
        }
      },
      "omim_gene": null,
      "alias": "[]",
      "biotype": "lincRNA",
      "alias_name": null,
      "hgnc_symbol": "LINC01254",
      "hgnc_date_symbol_changed": "2014-03-18",
      "hgnc_release": "2017-11-03",
      "hgnc_id": "HGNC:49870",
      "active": true
    }
  },
  {
    "model": "panels.gene",
    "pk": "MEF2A",
    "fields": {
      "gene_name": "myocyte enhancer factor 2A",
      "ensembl_genes": {
        "GRch37": {
          "82": {
            "location": "15:100017370-100256671",
            "ensembl_id": "ENSG00000068305"
          }
        },
        "GRch38": {
          "90": {
            "location": "15:99565417-99716466",
            "ensembl_id": "ENSG00000068305"
          }
        }
      },
      "omim_gene": "[\"600660\"]",
      "alias": "[\"RSRFC4\", \"RSRFC9\"]",
      "biotype": "protein_coding",
      "alias_name": null,
      "hgnc_symbol": "MEF2A",
      "hgnc_date_symbol_changed": "1995-02-08",
      "hgnc_release": "2017-11-03",
      "hgnc_id": "HGNC:6993",
      "active": true
    }
  },
  {
    "model": "panels.gene",
    "pk": "NAP1L1P2",
    "fields": {
      "gene_name": "nucleosome assembly protein 1 like 1 pseudogene 2",
      "ensembl_genes": {
        "GRch37": {
          "82": {
            "location": "Y:2797042-2799161",
            "ensembl_id": "ENSG00000229163"
          }
        },
        "GRch38": {
          "90": {
            "location": "Y:2929001-2931120",
            "ensembl_id": "ENSG00000229163"
          }
        }
      },
      "omim_gene": null,
      "alias": "[]",
      "biotype": "processed_pseudogene",
      "alias_name": null,
      "hgnc_symbol": "NAP1L1P2",
      "hgnc_date_symbol_changed": "2010-03-17",
      "hgnc_release": "2017-11-03",
      "hgnc_id": "HGNC:38005",
      "active": true
    }
  },
  {
    "model": "panels.gene",
    "pk": "OLR1",
    "fields": {
      "gene_name": "oxidized low density lipoprotein receptor 1",
      "ensembl_genes": {
        "GRch37": {
          "82": {
            "location": "12:10310902-10324737",
            "ensembl_id": "ENSG00000173391"
          }
        },
        "GRch38": {
          "90": {
            "location": "12:10158301-10172138",
            "ensembl_id": "ENSG00000173391"
          }
        }
      },
      "omim_gene": "[\"602601\"]",
      "alias": "[\"LOX-1\", \"SCARE1\", \"CLEC8A\"]",
      "biotype": "protein_coding",
      "alias_name": null,
      "hgnc_symbol": "OLR1",
      "hgnc_date_symbol_changed": "1998-01-16",
      "hgnc_release": "2017-11-03",
      "hgnc_id": "HGNC:8133",
      "active": true
    }
  },
  {
    "model": "panels.level4title",
    "pk": 1,
    "fields": {
      "name": "Test Panel 01",
      "description": "Test",
      "level3title": "",
      "level2title": "",
      "omim": "[]",
      "orphanet": "[]",
      "hpo": "[]"
    }
  },
  {
    "model": "panels.level4title",
    "pk": 2,
    "fields": {
      "name": "Test Panel 02",
      "description": "Test",
      "level3title": "",
      "level2title": "",
      "omim": "[]",
      "orphanet": "[]",
      "hpo": "[]"
    }
  },
  {
    "model": "panels.tag",
    "pk": 1,
    "fields": {
      "name": "test01"
    }
  },
  {
    "model": "panels.tag",
    "pk": 2,
    "fields": {
      "name": "test02"
    }
  },
  {
    "model": "panels.tag",
    "pk": 3,
    "fields": {
      "name": "test03"
    }
  },
  {
    "model": "panels.tag",
    "pk": 4,
    "fields": {
      "name": "test04"
    }
  },
  {
    "model": "panels.trackrecord",
    "pk": 1,
    "fields": {
      "created": "2023-11-16T10:12:30.182Z",
      "modified": "2023-11-16T10:12:30.182Z",
      "issue_type": "Created,NewSource,AddedTag,SetModeofInheritance,SetPublications,SetPenetrance,SetModeofPathogenicity",
      "issue_description": "gene: BRCA1 was added\ngene: BRCA1 was added to Test Panel 02. Sources: Radboud University Medical Center, Nijmegen\ntest01 tags were added to gene: BRCA1.\nMode of inheritance for gene: BRCA1 was set to MONOALLELIC, autosomal or pseudoautosomal, NOT imprinted\nPublications for gene: BRCA1 were set to 1234\nPenetrance for gene: BRCA1 were set to Complete\nMode of pathogenicity for gene: BRCA1 was set to Loss-of-function variants (as defined in pop up message) DO NOT cause this phenotype - please provide details in the comments\nReview for gene: BRCA1 was set to GREEN\ngene: BRCA1 was marked as current diagnostic",
      "user": 1,
      "curator_status": 0,
      "gel_status": 1
    }
  },
  {
    "model": "panels.trackrecord",
    "pk": 2,
    "fields": {
      "created": "2023-11-16T11:44:27.664Z",
      "modified": "2023-11-16T11:44:27.664Z",
      "issue_type": "EntityClassifiedbyGenomicsEnglandCurator",
      "issue_description": "Gene: brca1 has been classified as Green List (High Evidence).",
      "user": 1,
      "curator_status": 0,
      "gel_status": 3
    }
  },
  {
    "model": "panels.trackrecord",
    "pk": 3,
    "fields": {
      "created": "2023-11-16T11:45:04.805Z",
      "modified": "2023-11-16T11:45:04.805Z",
      "issue_type": "Created,NewSource,AddedTag,SetModeofInheritance,SetModeofPathogenicity",
      "issue_description": "gene: AAAS was added\ngene: AAAS was added to Test Panel 02. Sources: Other\ntest02 tags were added to gene: AAAS.\nMode of inheritance for gene: AAAS was set to MONOALLELIC, autosomal or pseudoautosomal, maternally imprinted (paternal allele expressed)\nMode of pathogenicity for gene: AAAS was set to Other\nReview for gene: AAAS was set to GREEN",
      "user": 1,
      "curator_status": 0,
      "gel_status": 1
    }
  },
  {
    "model": "panels.trackrecord",
    "pk": 4,
    "fields": {
      "created": "2023-11-16T11:45:14.322Z",
      "modified": "2023-11-16T11:45:14.322Z",
      "issue_type": "EntityClassifiedbyGenomicsEnglandCurator",
      "issue_description": "Gene: aaas has been classified as Green List (High Evidence).",
      "user": 1,
      "curator_status": 0,
      "gel_status": 3
    }
  },
  {
    "model": "panels.trackrecord",
    "pk": 5,
    "fields": {
      "created": "2023-11-16T11:45:57.452Z",
      "modified": "2023-11-16T11:45:57.452Z",
      "issue_type": "Created,NewSource,AddedTag,SetModeofInheritance",
      "issue_description": "gene: CCDC154 was added\ngene: CCDC154 was added to Test Panel 02. Sources: Other\ntest03 tags were added to gene: CCDC154.\nMode of inheritance for gene: CCDC154 was set to X-LINKED: hemizygous mutation in males, biallelic mutations in females\nReview for gene: CCDC154 was set to AMBER",
      "user": 1,
      "curator_status": 0,
      "gel_status": 1
    }
  },
  {
    "model": "panels.trackrecord",
    "pk": 6,
    "fields": {
      "created": "2023-11-16T11:46:04.983Z",
      "modified": "2023-11-16T11:46:04.983Z",
      "issue_type": "EntityClassifiedbyGenomicsEnglandCurator",
      "issue_description": "Gene: ccdc154 has been classified as Amber List (Moderate Evidence).",
      "user": 1,
      "curator_status": 0,
      "gel_status": 2
    }
  },
  {
    "model": "panels.trackrecord",
    "pk": 7,
    "fields": {
      "created": "2023-11-16T11:48:03.967Z",
      "modified": "2023-11-16T11:48:03.967Z",
      "issue_type": "Created,NewSource,SetModeofInheritance",
      "issue_description": "gene: DEFB115 was added\ngene: DEFB115 was added to Test Panel 02. Sources: UKGTN\nMode of inheritance for gene: DEFB115 was set to Unknown\nReview for gene: DEFB115 was set to GREEN",
      "user": 1,
      "curator_status": 0,
      "gel_status": 1
    }
  },
  {
    "model": "panels.trackrecord",
    "pk": 8,
    "fields": {
      "created": "2023-11-16T11:48:15.177Z",
      "modified": "2023-11-16T11:48:15.177Z",
      "issue_type": "EntityClassifiedbyGenomicsEnglandCurator",
      "issue_description": "Gene: defb115 has been classified as Green List (High Evidence).",
      "user": 1,
      "curator_status": 0,
      "gel_status": 3
    }
  },
  {
    "model": "panels.trackrecord",
    "pk": 9,
    "fields": {
      "created": "2023-11-16T11:48:49.716Z",
      "modified": "2023-11-16T11:48:49.716Z",
      "issue_type": "Created,NewSource,SetModeofInheritance",
      "issue_description": "gene: EIF3C was added\ngene: EIF3C was added to Test Panel 02. Sources: Other\nMode of inheritance for gene: EIF3C was set to BIALLELIC, autosomal or pseudoautosomal\nReview for gene: EIF3C was set to AMBER",
      "user": 1,
      "curator_status": 0,
      "gel_status": 1
    }
  },
  {
    "model": "panels.trackrecord",
    "pk": 10,
    "fields": {
      "created": "2023-11-16T11:48:58.059Z",
      "modified": "2023-11-16T11:48:58.059Z",
      "issue_type": "EntityClassifiedbyGenomicsEnglandCurator",
      "issue_description": "Gene: eif3c has been classified as Amber List (Moderate Evidence).",
      "user": 1,
      "curator_status": 0,
      "gel_status": 2
    }
  },
  {
    "model": "panels.trackrecord",
    "pk": 11,
    "fields": {
      "created": "2023-11-16T12:44:41.099Z",
      "modified": "2023-11-16T12:44:41.099Z",
      "issue_type": "Created,NewSource,AddedTag,SetModeofInheritance",
      "issue_description": "gene: AAAS was added\ngene: AAAS was added to Test Panel 01. Sources: Emory Genetics Laboratory\ntest04 tags were added to gene: AAAS.\nMode of inheritance for gene: AAAS was set to BOTH monoallelic and biallelic (but BIALLELIC mutations cause a more SEVERE disease form), autosomal or pseudoautosomal\nReview for gene: AAAS was set to AMBER",
      "user": 1,
      "curator_status": 0,
      "gel_status": 1
    }
  },
  {
    "model": "panels.trackrecord",
    "pk": 12,
    "fields": {
      "created": "2023-11-16T12:44:48.379Z",
      "modified": "2023-11-16T12:44:48.379Z",
      "issue_type": "EntityClassifiedbyGenomicsEnglandCurator",
      "issue_description": "Gene: aaas has been classified as Amber List (Moderate Evidence).",
      "user": 1,
      "curator_status": 0,
      "gel_status": 2
    }
  },
  {
    "model": "panels.genepanelsnapshot",
    "pk": 1,
    "fields": {
      "created": "2023-11-16T12:44:48.074Z",
      "modified": "2023-11-16T12:44:48.419Z",
      "level4title": 1,
      "panel": 1,
      "major_version": 0,
      "minor_version": 2,
      "version_comment": null,
      "old_panels": "[]",
      "stats": {
        "str_reviewers": [],
        "gene_reviewers": [1],
        "number_of_strs": 0,
        "number_of_genes": 1,
        "entity_reviewers": [1],
        "region_reviewers": [],
        "number_of_regions": 0,
        "number_of_entities": 1,
        "number_of_reviewers": 1,
        "number_of_green_strs": 0,
        "number_of_ready_strs": 0,
        "number_of_green_genes": 0,
        "number_of_ready_genes": 0,
        "number_of_green_regions": 0,
        "number_of_ready_regions": 0,
        "number_of_evaluated_strs": 0,
        "number_of_green_entities": 0,
        "number_of_ready_entities": 0,
        "number_of_evaluated_genes": 1,
        "number_of_evaluated_regions": 0,
        "number_of_evaluated_entities": 1
      },
      "child_panels": []
    }
  },
  {
    "model": "panels.genepanelsnapshot",
    "pk": 2,
    "fields": {
      "created": "2023-11-16T11:48:57.780Z",
      "modified": "2023-11-16T11:48:58.105Z",
      "level4title": 2,
      "panel": 2,
      "major_version": 0,
      "minor_version": 11,
      "version_comment": null,
      "old_panels": "[]",
      "stats": {
        "str_reviewers": [],
        "gene_reviewers": [1],
        "number_of_strs": 0,
        "number_of_genes": 5,
        "entity_reviewers": [1],
        "region_reviewers": [],
        "number_of_regions": 0,
        "number_of_entities": 5,
        "number_of_reviewers": 1,
        "number_of_green_strs": 0,
        "number_of_ready_strs": 0,
        "number_of_green_genes": 3,
        "number_of_ready_genes": 0,
        "number_of_green_regions": 0,
        "number_of_ready_regions": 0,
        "number_of_evaluated_strs": 0,
        "number_of_green_entities": 3,
        "number_of_ready_entities": 0,
        "number_of_evaluated_genes": 5,
        "number_of_evaluated_regions": 0,
        "number_of_evaluated_entities": 5
      },
      "child_panels": []
    }
  },
  {
    "model": "panels.genepanelentrysnapshot",
    "pk": 1,
    "fields": {
      "created": "2023-11-16T10:12:30.140Z",
      "modified": "2023-11-16T11:44:27.673Z",
      "panel": 2,
      "gene": {
        "alias": ["RNF53", "BRCC1", "PPP1R53", "FANCS"],
        "biotype": "protein_coding",
        "hgnc_id": "HGNC:1100",
        "gene_name": "BRCA1, DNA repair associated",
        "omim_gene": ["113705"],
        "alias_name": [
          "BRCA1/BRCA2-containing complex, subunit 1",
          "protein phosphatase 1, regulatory subunit 53",
          "Fanconi anemia, complementation group S"
        ],
        "gene_symbol": "BRCA1",
        "hgnc_symbol": "BRCA1",
        "hgnc_release": "2017-11-03",
        "ensembl_genes": {
          "GRch37": {
            "82": {
              "location": "17:41196312-41277500",
              "ensembl_id": "ENSG00000012048"
            }
          },
          "GRch38": {
            "90": {
              "location": "17:43044295-43170245",
              "ensembl_id": "ENSG00000012048"
            }
          }
        },
        "hgnc_date_symbol_changed": "1991-02-20"
      },
      "gene_core": "BRCA1",
      "moi": "MONOALLELIC, autosomal or pseudoautosomal, NOT imprinted",
      "penetrance": "Complete",
      "publications": "[\"1234\"]",
      "phenotypes": "[]",
      "flagged": false,
      "ready": false,
      "mode_of_pathogenicity": "Loss-of-function variants (as defined in pop up message) DO NOT cause this phenotype - please provide details in the comments",
      "saved_gel_status": 3,
      "transcript": "[]",
      "evidence": [2, 1],
      "evaluation": [1],
      "track": [2, 1],
      "tags": [1],
      "comments": [1]
    }
  },
  {
    "model": "panels.genepanelentrysnapshot",
    "pk": 2,
    "fields": {
      "created": "2023-11-16T11:45:04.765Z",
      "modified": "2023-11-16T11:45:14.331Z",
      "panel": 2,
      "gene": {
        "alias": [],
        "biotype": "protein_coding",
        "hgnc_id": "HGNC:13666",
        "gene_name": "aladin WD repeat nucleoporin",
        "omim_gene": ["605378"],
        "alias_name": ["aladin", "Allgrove, triple-A", "adracalin"],
        "gene_symbol": "AAAS",
        "hgnc_symbol": "AAAS",
        "hgnc_release": "2017-11-03",
        "ensembl_genes": {
          "GRch37": {
            "82": {
              "location": "12:53701240-53718648",
              "ensembl_id": "ENSG00000094914"
            }
          },
          "GRch38": {
            "90": {
              "location": "12:53307456-53324864",
              "ensembl_id": "ENSG00000094914"
            }
          }
        },
        "hgnc_date_symbol_changed": "2000-11-08"
      },
      "gene_core": "AAAS",
      "moi": "MONOALLELIC, autosomal or pseudoautosomal, maternally imprinted (paternal allele expressed)",
      "penetrance": null,
      "publications": "[]",
      "phenotypes": "[]",
      "flagged": false,
      "ready": false,
      "mode_of_pathogenicity": "Other",
      "saved_gel_status": 3,
      "transcript": "[]",
      "evidence": [4, 3],
      "evaluation": [2],
      "track": [4, 3],
      "tags": [2],
      "comments": [3]
    }
  },
  {
    "model": "panels.genepanelentrysnapshot",
    "pk": 3,
    "fields": {
      "created": "2023-11-16T11:45:57.411Z",
      "modified": "2023-11-16T11:46:04.986Z",
      "panel": 2,
      "gene": {
        "alias": ["LOC645811"],
        "biotype": "protein_coding",
        "hgnc_id": "HGNC:34454",
        "gene_name": "coiled-coil domain containing 154",
        "omim_gene": null,
        "alias_name": null,
        "gene_symbol": "CCDC154",
        "hgnc_symbol": "CCDC154",
        "hgnc_release": "2017-11-03",
        "ensembl_genes": {
          "GRch37": {
            "82": {
              "location": "16:1484384-1494557",
              "ensembl_id": "ENSG00000197599"
            }
          },
          "GRch38": {
            "90": {
              "location": "16:1434383-1444556",
              "ensembl_id": "ENSG00000197599"
            }
          }
        },
        "hgnc_date_symbol_changed": "2008-08-07"
      },
      "gene_core": "CCDC154",
      "moi": "X-LINKED: hemizygous mutation in males, biallelic mutations in females",
      "penetrance": null,
      "publications": "[]",
      "phenotypes": "[]",
      "flagged": false,
      "ready": false,
      "mode_of_pathogenicity": null,
      "saved_gel_status": 2,
      "transcript": "[]",
      "evidence": [6, 5],
      "evaluation": [3],
      "track": [6, 5],
      "tags": [3],
      "comments": [5]
    }
  },
  {
    "model": "panels.genepanelentrysnapshot",
    "pk": 4,
    "fields": {
      "created": "2023-11-16T11:48:03.937Z",
      "modified": "2023-11-16T11:48:15.181Z",
      "panel": 2,
      "gene": {
        "alias": ["DEFB-15"],
        "biotype": "protein_coding",
        "hgnc_id": "HGNC:18096",
        "gene_name": "defensin beta 115",
        "omim_gene": null,
        "alias_name": null,
        "gene_symbol": "DEFB115",
        "hgnc_symbol": "DEFB115",
        "hgnc_release": "2017-11-03",
        "ensembl_genes": {
          "GRch37": {
            "82": {
              "location": "20:29845467-29847435",
              "ensembl_id": "ENSG00000215547"
            }
          },
          "GRch38": {
            "90": {
              "location": "20:31257664-31259632",
              "ensembl_id": "ENSG00000215547"
            }
          }
        },
        "hgnc_date_symbol_changed": "2002-05-09"
      },
      "gene_core": "DEFB115",
      "moi": "Unknown",
      "penetrance": null,
      "publications": "[]",
      "phenotypes": "[]",
      "flagged": false,
      "ready": false,
      "mode_of_pathogenicity": null,
      "saved_gel_status": 3,
      "transcript": "[]",
      "evidence": [8, 7],
      "evaluation": [4],
      "track": [8, 7],
      "tags": [],
      "comments": [7]
    }
  },
  {
    "model": "panels.genepanelentrysnapshot",
    "pk": 5,
    "fields": {
      "created": "2023-11-16T11:48:49.683Z",
      "modified": "2023-11-16T11:48:58.070Z",
      "panel": 2,
      "gene": {
        "alias": ["eIF3-p110", "eIF3c"],
        "biotype": "protein_coding",
        "hgnc_id": "HGNC:3279",
        "gene_name": "eukaryotic translation initiation factor 3 subunit C",
        "omim_gene": ["603916"],
        "alias_name": null,
        "gene_symbol": "EIF3C",
        "hgnc_symbol": "EIF3C",
        "hgnc_release": "2017-11-03",
        "ensembl_genes": {
          "GRch37": {
            "82": {
              "location": "16:28699879-28747051",
              "ensembl_id": "ENSG00000184110"
            }
          },
          "GRch38": {
            "90": {
              "location": "16:28688558-28735730",
              "ensembl_id": "ENSG00000184110"
            }
          }
        },
        "hgnc_date_symbol_changed": "2007-07-27"
      },
      "gene_core": "EIF3C",
      "moi": "BIALLELIC, autosomal or pseudoautosomal",
      "penetrance": null,
      "publications": "[]",
      "phenotypes": "[]",
      "flagged": false,
      "ready": false,
      "mode_of_pathogenicity": null,
      "saved_gel_status": 2,
      "transcript": "[]",
      "evidence": [10, 9],
      "evaluation": [5],
      "track": [10, 9],
      "tags": [],
      "comments": [10]
    }
  },
  {
    "model": "panels.genepanelentrysnapshot",
    "pk": 6,
    "fields": {
      "created": "2023-11-16T12:44:41.058Z",
      "modified": "2023-11-16T12:44:48.388Z",
      "panel": 1,
      "gene": {
        "alias": [],
        "biotype": "protein_coding",
        "hgnc_id": "HGNC:13666",
        "gene_name": "aladin WD repeat nucleoporin",
        "omim_gene": ["605378"],
        "alias_name": ["aladin", "Allgrove, triple-A", "adracalin"],
        "gene_symbol": "AAAS",
        "hgnc_symbol": "AAAS",
        "hgnc_release": "2017-11-03",
        "ensembl_genes": {
          "GRch37": {
            "82": {
              "location": "12:53701240-53718648",
              "ensembl_id": "ENSG00000094914"
            }
          },
          "GRch38": {
            "90": {
              "location": "12:53307456-53324864",
              "ensembl_id": "ENSG00000094914"
            }
          }
        },
        "hgnc_date_symbol_changed": "2000-11-08"
      },
      "gene_core": "AAAS",
      "moi": "BOTH monoallelic and biallelic (but BIALLELIC mutations cause a more SEVERE disease form), autosomal or pseudoautosomal",
      "penetrance": null,
      "publications": "[]",
      "phenotypes": "[]",
      "flagged": false,
      "ready": false,
      "mode_of_pathogenicity": null,
      "saved_gel_status": 2,
      "transcript": "[]",
      "evidence": [12, 11],
      "evaluation": [6],
      "track": [12, 11],
      "tags": [4],
      "comments": [12]
    }
  },
  {
    "model": "panels.historicalsnapshot",
    "pk": 1,
    "fields": {
      "panel": 2,
      "major_version": 0,
      "minor_version": 0,
      "reason": null,
      "schema_version": "0.0.0",
      "data": {
        "id": 2,
        "name": "Test Panel 02",
        "strs": [],
        "genes": [],
        "stats": {},
        "types": [
          {
            "name": "Rare Disease Test Directory",
            "slug": "rare-disease-test-directory",
            "description": "Rare Disease Test Directory"
          }
        ],
        "status": "public",
        "hash_id": null,
        "regions": [],
        "version": "0.0",
        "disease_group": "",
        "version_created": "2023-10-06T10:52:35.862598Z",
        "disease_sub_group": "",
        "relevant_disorders": []
      },
      "signed_off_date": null
    }
  },
  {
    "model": "panels.historicalsnapshot",
    "pk": 2,
    "fields": {
      "panel": 2,
      "major_version": 0,
      "minor_version": 1,
      "reason": null,
      "schema_version": "0.0.0",
      "data": {
        "id": 2,
        "name": "Test Panel 02",
        "strs": [],
        "genes": [],
        "stats": {
          "number_of_strs": 0,
          "number_of_genes": 0,
          "number_of_regions": 0
        },
        "types": [
          {
            "name": "Rare Disease Test Directory",
            "slug": "rare-disease-test-directory",
            "description": "Rare Disease Test Directory"
          }
        ],
        "status": "public",
        "hash_id": null,
        "regions": [],
        "version": "0.1",
        "disease_group": "",
        "version_created": "2023-10-06T10:52:41.099000Z",
        "disease_sub_group": "",
        "relevant_disorders": []
      },
      "signed_off_date": null
    }
  },
  {
    "model": "panels.historicalsnapshot",
    "pk": 3,
    "fields": {
      "panel": 2,
      "major_version": 0,
      "minor_version": 2,
      "reason": null,
      "schema_version": "0.0.0",
      "data": {
        "id": 2,
        "name": "Test Panel 02",
        "strs": [],
        "genes": [
          {
            "tags": ["test01"],
            "evidence": ["Radboud University Medical Center, Nijmegen"],
            "gene_data": {
              "alias": ["RNF53", "BRCC1", "PPP1R53", "FANCS"],
              "biotype": "protein_coding",
              "hgnc_id": "HGNC:1100",
              "gene_name": "BRCA1, DNA repair associated",
              "omim_gene": ["113705"],
              "alias_name": [
                "BRCA1/BRCA2-containing complex, subunit 1",
                "protein phosphatase 1, regulatory subunit 53",
                "Fanconi anemia, complementation group S"
              ],
              "gene_symbol": "BRCA1",
              "hgnc_symbol": "BRCA1",
              "hgnc_release": "2017-11-03",
              "ensembl_genes": {
                "GRch37": {
                  "82": {
                    "location": "17:41196312-41277500",
                    "ensembl_id": "ENSG00000012048"
                  }
                },
                "GRch38": {
                  "90": {
                    "location": "17:43044295-43170245",
                    "ensembl_id": "ENSG00000012048"
                  }
                }
              },
              "hgnc_date_symbol_changed": "1991-02-20"
            },
            "penetrance": "Complete",
            "phenotypes": [],
            "transcript": [],
            "entity_name": "BRCA1",
            "entity_type": "gene",
            "publications": ["1234"],
            "confidence_level": "1",
            "mode_of_inheritance": "MONOALLELIC, autosomal or pseudoautosomal, NOT imprinted",
            "mode_of_pathogenicity": "Loss-of-function variants (as defined in pop up message) DO NOT cause this phenotype - please provide details in the comments"
          }
        ],
        "stats": {
          "number_of_strs": 0,
          "number_of_genes": 1,
          "number_of_regions": 0
        },
        "types": [
          {
            "name": "Rare Disease Test Directory",
            "slug": "rare-disease-test-directory",
            "description": "Rare Disease Test Directory"
          }
        ],
        "status": "public",
        "hash_id": null,
        "regions": [],
        "version": "0.2",
        "disease_group": "",
        "version_created": "2023-11-16T10:12:30.107000Z",
        "disease_sub_group": "",
        "relevant_disorders": []
      },
      "signed_off_date": null
    }
  },
  {
    "model": "panels.historicalsnapshot",
    "pk": 4,
    "fields": {
      "panel": 2,
      "major_version": 0,
      "minor_version": 3,
      "reason": null,
      "schema_version": "0.0.0",
      "data": {
        "id": 2,
        "name": "Test Panel 02",
        "strs": [],
        "genes": [
          {
            "tags": ["test01"],
            "evidence": [
              "Expert Review Green",
              "Radboud University Medical Center, Nijmegen"
            ],
            "gene_data": {
              "alias": ["RNF53", "BRCC1", "PPP1R53", "FANCS"],
              "biotype": "protein_coding",
              "hgnc_id": "HGNC:1100",
              "gene_name": "BRCA1, DNA repair associated",
              "omim_gene": ["113705"],
              "alias_name": [
                "BRCA1/BRCA2-containing complex, subunit 1",
                "protein phosphatase 1, regulatory subunit 53",
                "Fanconi anemia, complementation group S"
              ],
              "gene_symbol": "BRCA1",
              "hgnc_symbol": "BRCA1",
              "hgnc_release": "2017-11-03",
              "ensembl_genes": {
                "GRch37": {
                  "82": {
                    "location": "17:41196312-41277500",
                    "ensembl_id": "ENSG00000012048"
                  }
                },
                "GRch38": {
                  "90": {
                    "location": "17:43044295-43170245",
                    "ensembl_id": "ENSG00000012048"
                  }
                }
              },
              "hgnc_date_symbol_changed": "1991-02-20"
            },
            "penetrance": "Complete",
            "phenotypes": [],
            "transcript": [],
            "entity_name": "BRCA1",
            "entity_type": "gene",
            "publications": ["1234"],
            "confidence_level": "3",
            "mode_of_inheritance": "MONOALLELIC, autosomal or pseudoautosomal, NOT imprinted",
            "mode_of_pathogenicity": "Loss-of-function variants (as defined in pop up message) DO NOT cause this phenotype - please provide details in the comments"
          }
        ],
        "stats": {
          "number_of_strs": 0,
          "number_of_genes": 1,
          "number_of_regions": 0
        },
        "types": [
          {
            "name": "Rare Disease Test Directory",
            "slug": "rare-disease-test-directory",
            "description": "Rare Disease Test Directory"
          }
        ],
        "status": "public",
        "hash_id": null,
        "regions": [],
        "version": "0.3",
        "disease_group": "",
        "version_created": "2023-11-16T11:44:27.253341Z",
        "disease_sub_group": "",
        "relevant_disorders": []
      },
      "signed_off_date": null
    }
  },
  {
    "model": "panels.historicalsnapshot",
    "pk": 5,
    "fields": {
      "panel": 2,
      "major_version": 0,
      "minor_version": 4,
      "reason": null,
      "schema_version": "0.0.0",
      "data": {
        "id": 2,
        "name": "Test Panel 02",
        "strs": [],
        "genes": [
          {
            "tags": ["test01"],
            "evidence": [
              "Expert Review Green",
              "Radboud University Medical Center, Nijmegen"
            ],
            "gene_data": {
              "alias": ["RNF53", "BRCC1", "PPP1R53", "FANCS"],
              "biotype": "protein_coding",
              "hgnc_id": "HGNC:1100",
              "gene_name": "BRCA1, DNA repair associated",
              "omim_gene": ["113705"],
              "alias_name": [
                "BRCA1/BRCA2-containing complex, subunit 1",
                "protein phosphatase 1, regulatory subunit 53",
                "Fanconi anemia, complementation group S"
              ],
              "gene_symbol": "BRCA1",
              "hgnc_symbol": "BRCA1",
              "hgnc_release": "2017-11-03",
              "ensembl_genes": {
                "GRch37": {
                  "82": {
                    "location": "17:41196312-41277500",
                    "ensembl_id": "ENSG00000012048"
                  }
                },
                "GRch38": {
                  "90": {
                    "location": "17:43044295-43170245",
                    "ensembl_id": "ENSG00000012048"
                  }
                }
              },
              "hgnc_date_symbol_changed": "1991-02-20"
            },
            "penetrance": "Complete",
            "phenotypes": [],
            "transcript": [],
            "entity_name": "BRCA1",
            "entity_type": "gene",
            "publications": ["1234"],
            "confidence_level": "3",
            "mode_of_inheritance": "MONOALLELIC, autosomal or pseudoautosomal, NOT imprinted",
            "mode_of_pathogenicity": "Loss-of-function variants (as defined in pop up message) DO NOT cause this phenotype - please provide details in the comments"
          },
          {
            "tags": ["test02"],
            "evidence": ["Other"],
            "gene_data": {
              "alias": [],
              "biotype": "protein_coding",
              "hgnc_id": "HGNC:13666",
              "gene_name": "aladin WD repeat nucleoporin",
              "omim_gene": ["605378"],
              "alias_name": ["aladin", "Allgrove, triple-A", "adracalin"],
              "gene_symbol": "AAAS",
              "hgnc_symbol": "AAAS",
              "hgnc_release": "2017-11-03",
              "ensembl_genes": {
                "GRch37": {
                  "82": {
                    "location": "12:53701240-53718648",
                    "ensembl_id": "ENSG00000094914"
                  }
                },
                "GRch38": {
                  "90": {
                    "location": "12:53307456-53324864",
                    "ensembl_id": "ENSG00000094914"
                  }
                }
              },
              "hgnc_date_symbol_changed": "2000-11-08"
            },
            "penetrance": null,
            "phenotypes": [],
            "transcript": [],
            "entity_name": "AAAS",
            "entity_type": "gene",
            "publications": [],
            "confidence_level": "1",
            "mode_of_inheritance": "MONOALLELIC, autosomal or pseudoautosomal, maternally imprinted (paternal allele expressed)",
            "mode_of_pathogenicity": "Other"
          }
        ],
        "stats": {
          "number_of_strs": 0,
          "number_of_genes": 2,
          "number_of_regions": 0
        },
        "types": [
          {
            "name": "Rare Disease Test Directory",
            "slug": "rare-disease-test-directory",
            "description": "Rare Disease Test Directory"
          }
        ],
        "status": "public",
        "hash_id": null,
        "regions": [],
        "version": "0.4",
        "disease_group": "",
        "version_created": "2023-11-16T11:45:04.738255Z",
        "disease_sub_group": "",
        "relevant_disorders": []
      },
      "signed_off_date": null
    }
  },
  {
    "model": "panels.historicalsnapshot",
    "pk": 6,
    "fields": {
      "panel": 2,
      "major_version": 0,
      "minor_version": 5,
      "reason": null,
      "schema_version": "0.0.0",
      "data": {
        "id": 2,
        "name": "Test Panel 02",
        "strs": [],
        "genes": [
          {
            "tags": ["test02"],
            "evidence": ["Expert Review Green", "Other"],
            "gene_data": {
              "alias": [],
              "biotype": "protein_coding",
              "hgnc_id": "HGNC:13666",
              "gene_name": "aladin WD repeat nucleoporin",
              "omim_gene": ["605378"],
              "alias_name": ["aladin", "Allgrove, triple-A", "adracalin"],
              "gene_symbol": "AAAS",
              "hgnc_symbol": "AAAS",
              "hgnc_release": "2017-11-03",
              "ensembl_genes": {
                "GRch37": {
                  "82": {
                    "location": "12:53701240-53718648",
                    "ensembl_id": "ENSG00000094914"
                  }
                },
                "GRch38": {
                  "90": {
                    "location": "12:53307456-53324864",
                    "ensembl_id": "ENSG00000094914"
                  }
                }
              },
              "hgnc_date_symbol_changed": "2000-11-08"
            },
            "penetrance": null,
            "phenotypes": [],
            "transcript": [],
            "entity_name": "AAAS",
            "entity_type": "gene",
            "publications": [],
            "confidence_level": "3",
            "mode_of_inheritance": "MONOALLELIC, autosomal or pseudoautosomal, maternally imprinted (paternal allele expressed)",
            "mode_of_pathogenicity": "Other"
          },
          {
            "tags": ["test01"],
            "evidence": [
              "Expert Review Green",
              "Radboud University Medical Center, Nijmegen"
            ],
            "gene_data": {
              "alias": ["RNF53", "BRCC1", "PPP1R53", "FANCS"],
              "biotype": "protein_coding",
              "hgnc_id": "HGNC:1100",
              "gene_name": "BRCA1, DNA repair associated",
              "omim_gene": ["113705"],
              "alias_name": [
                "BRCA1/BRCA2-containing complex, subunit 1",
                "protein phosphatase 1, regulatory subunit 53",
                "Fanconi anemia, complementation group S"
              ],
              "gene_symbol": "BRCA1",
              "hgnc_symbol": "BRCA1",
              "hgnc_release": "2017-11-03",
              "ensembl_genes": {
                "GRch37": {
                  "82": {
                    "location": "17:41196312-41277500",
                    "ensembl_id": "ENSG00000012048"
                  }
                },
                "GRch38": {
                  "90": {
                    "location": "17:43044295-43170245",
                    "ensembl_id": "ENSG00000012048"
                  }
                }
              },
              "hgnc_date_symbol_changed": "1991-02-20"
            },
            "penetrance": "Complete",
            "phenotypes": [],
            "transcript": [],
            "entity_name": "BRCA1",
            "entity_type": "gene",
            "publications": ["1234"],
            "confidence_level": "3",
            "mode_of_inheritance": "MONOALLELIC, autosomal or pseudoautosomal, NOT imprinted",
            "mode_of_pathogenicity": "Loss-of-function variants (as defined in pop up message) DO NOT cause this phenotype - please provide details in the comments"
          }
        ],
        "stats": {
          "number_of_strs": 0,
          "number_of_genes": 2,
          "number_of_regions": 0
        },
        "types": [
          {
            "name": "Rare Disease Test Directory",
            "slug": "rare-disease-test-directory",
            "description": "Rare Disease Test Directory"
          }
        ],
        "status": "public",
        "hash_id": null,
        "regions": [],
        "version": "0.5",
        "disease_group": "",
        "version_created": "2023-11-16T11:45:14.033858Z",
        "disease_sub_group": "",
        "relevant_disorders": []
      },
      "signed_off_date": null
    }
  },
  {
    "model": "panels.historicalsnapshot",
    "pk": 7,
    "fields": {
      "panel": 2,
      "major_version": 0,
      "minor_version": 6,
      "reason": null,
      "schema_version": "0.0.0",
      "data": {
        "id": 2,
        "name": "Test Panel 02",
        "strs": [],
        "genes": [
          {
            "tags": ["test02"],
            "evidence": ["Expert Review Green", "Other"],
            "gene_data": {
              "alias": [],
              "biotype": "protein_coding",
              "hgnc_id": "HGNC:13666",
              "gene_name": "aladin WD repeat nucleoporin",
              "omim_gene": ["605378"],
              "alias_name": ["aladin", "Allgrove, triple-A", "adracalin"],
              "gene_symbol": "AAAS",
              "hgnc_symbol": "AAAS",
              "hgnc_release": "2017-11-03",
              "ensembl_genes": {
                "GRch37": {
                  "82": {
                    "location": "12:53701240-53718648",
                    "ensembl_id": "ENSG00000094914"
                  }
                },
                "GRch38": {
                  "90": {
                    "location": "12:53307456-53324864",
                    "ensembl_id": "ENSG00000094914"
                  }
                }
              },
              "hgnc_date_symbol_changed": "2000-11-08"
            },
            "penetrance": null,
            "phenotypes": [],
            "transcript": [],
            "entity_name": "AAAS",
            "entity_type": "gene",
            "publications": [],
            "confidence_level": "3",
            "mode_of_inheritance": "MONOALLELIC, autosomal or pseudoautosomal, maternally imprinted (paternal allele expressed)",
            "mode_of_pathogenicity": "Other"
          },
          {
            "tags": ["test01"],
            "evidence": [
              "Expert Review Green",
              "Radboud University Medical Center, Nijmegen"
            ],
            "gene_data": {
              "alias": ["RNF53", "BRCC1", "PPP1R53", "FANCS"],
              "biotype": "protein_coding",
              "hgnc_id": "HGNC:1100",
              "gene_name": "BRCA1, DNA repair associated",
              "omim_gene": ["113705"],
              "alias_name": [
                "BRCA1/BRCA2-containing complex, subunit 1",
                "protein phosphatase 1, regulatory subunit 53",
                "Fanconi anemia, complementation group S"
              ],
              "gene_symbol": "BRCA1",
              "hgnc_symbol": "BRCA1",
              "hgnc_release": "2017-11-03",
              "ensembl_genes": {
                "GRch37": {
                  "82": {
                    "location": "17:41196312-41277500",
                    "ensembl_id": "ENSG00000012048"
                  }
                },
                "GRch38": {
                  "90": {
                    "location": "17:43044295-43170245",
                    "ensembl_id": "ENSG00000012048"
                  }
                }
              },
              "hgnc_date_symbol_changed": "1991-02-20"
            },
            "penetrance": "Complete",
            "phenotypes": [],
            "transcript": [],
            "entity_name": "BRCA1",
            "entity_type": "gene",
            "publications": ["1234"],
            "confidence_level": "3",
            "mode_of_inheritance": "MONOALLELIC, autosomal or pseudoautosomal, NOT imprinted",
            "mode_of_pathogenicity": "Loss-of-function variants (as defined in pop up message) DO NOT cause this phenotype - please provide details in the comments"
          },
          {
            "tags": ["test03"],
            "evidence": ["Other"],
            "gene_data": {
              "alias": ["LOC645811"],
              "biotype": "protein_coding",
              "hgnc_id": "HGNC:34454",
              "gene_name": "coiled-coil domain containing 154",
              "omim_gene": null,
              "alias_name": null,
              "gene_symbol": "CCDC154",
              "hgnc_symbol": "CCDC154",
              "hgnc_release": "2017-11-03",
              "ensembl_genes": {
                "GRch37": {
                  "82": {
                    "location": "16:1484384-1494557",
                    "ensembl_id": "ENSG00000197599"
                  }
                },
                "GRch38": {
                  "90": {
                    "location": "16:1434383-1444556",
                    "ensembl_id": "ENSG00000197599"
                  }
                }
              },
              "hgnc_date_symbol_changed": "2008-08-07"
            },
            "penetrance": null,
            "phenotypes": [],
            "transcript": [],
            "entity_name": "CCDC154",
            "entity_type": "gene",
            "publications": [],
            "confidence_level": "1",
            "mode_of_inheritance": "X-LINKED: hemizygous mutation in males, biallelic mutations in females",
            "mode_of_pathogenicity": null
          }
        ],
        "stats": {
          "number_of_strs": 0,
          "number_of_genes": 3,
          "number_of_regions": 0
        },
        "types": [
          {
            "name": "Rare Disease Test Directory",
            "slug": "rare-disease-test-directory",
            "description": "Rare Disease Test Directory"
          }
        ],
        "status": "public",
        "hash_id": null,
        "regions": [],
        "version": "0.6",
        "disease_group": "",
        "version_created": "2023-11-16T11:45:57.386253Z",
        "disease_sub_group": "",
        "relevant_disorders": []
      },
      "signed_off_date": null
    }
  },
  {
    "model": "panels.historicalsnapshot",
    "pk": 8,
    "fields": {
      "panel": 2,
      "major_version": 0,
      "minor_version": 7,
      "reason": null,
      "schema_version": "0.0.0",
      "data": {
        "id": 2,
        "name": "Test Panel 02",
        "strs": [],
        "genes": [
          {
            "tags": ["test02"],
            "evidence": ["Expert Review Green", "Other"],
            "gene_data": {
              "alias": [],
              "biotype": "protein_coding",
              "hgnc_id": "HGNC:13666",
              "gene_name": "aladin WD repeat nucleoporin",
              "omim_gene": ["605378"],
              "alias_name": ["aladin", "Allgrove, triple-A", "adracalin"],
              "gene_symbol": "AAAS",
              "hgnc_symbol": "AAAS",
              "hgnc_release": "2017-11-03",
              "ensembl_genes": {
                "GRch37": {
                  "82": {
                    "location": "12:53701240-53718648",
                    "ensembl_id": "ENSG00000094914"
                  }
                },
                "GRch38": {
                  "90": {
                    "location": "12:53307456-53324864",
                    "ensembl_id": "ENSG00000094914"
                  }
                }
              },
              "hgnc_date_symbol_changed": "2000-11-08"
            },
            "penetrance": null,
            "phenotypes": [],
            "transcript": [],
            "entity_name": "AAAS",
            "entity_type": "gene",
            "publications": [],
            "confidence_level": "3",
            "mode_of_inheritance": "MONOALLELIC, autosomal or pseudoautosomal, maternally imprinted (paternal allele expressed)",
            "mode_of_pathogenicity": "Other"
          },
          {
            "tags": ["test01"],
            "evidence": [
              "Expert Review Green",
              "Radboud University Medical Center, Nijmegen"
            ],
            "gene_data": {
              "alias": ["RNF53", "BRCC1", "PPP1R53", "FANCS"],
              "biotype": "protein_coding",
              "hgnc_id": "HGNC:1100",
              "gene_name": "BRCA1, DNA repair associated",
              "omim_gene": ["113705"],
              "alias_name": [
                "BRCA1/BRCA2-containing complex, subunit 1",
                "protein phosphatase 1, regulatory subunit 53",
                "Fanconi anemia, complementation group S"
              ],
              "gene_symbol": "BRCA1",
              "hgnc_symbol": "BRCA1",
              "hgnc_release": "2017-11-03",
              "ensembl_genes": {
                "GRch37": {
                  "82": {
                    "location": "17:41196312-41277500",
                    "ensembl_id": "ENSG00000012048"
                  }
                },
                "GRch38": {
                  "90": {
                    "location": "17:43044295-43170245",
                    "ensembl_id": "ENSG00000012048"
                  }
                }
              },
              "hgnc_date_symbol_changed": "1991-02-20"
            },
            "penetrance": "Complete",
            "phenotypes": [],
            "transcript": [],
            "entity_name": "BRCA1",
            "entity_type": "gene",
            "publications": ["1234"],
            "confidence_level": "3",
            "mode_of_inheritance": "MONOALLELIC, autosomal or pseudoautosomal, NOT imprinted",
            "mode_of_pathogenicity": "Loss-of-function variants (as defined in pop up message) DO NOT cause this phenotype - please provide details in the comments"
          },
          {
            "tags": ["test03"],
            "evidence": ["Expert Review Amber", "Other"],
            "gene_data": {
              "alias": ["LOC645811"],
              "biotype": "protein_coding",
              "hgnc_id": "HGNC:34454",
              "gene_name": "coiled-coil domain containing 154",
              "omim_gene": null,
              "alias_name": null,
              "gene_symbol": "CCDC154",
              "hgnc_symbol": "CCDC154",
              "hgnc_release": "2017-11-03",
              "ensembl_genes": {
                "GRch37": {
                  "82": {
                    "location": "16:1484384-1494557",
                    "ensembl_id": "ENSG00000197599"
                  }
                },
                "GRch38": {
                  "90": {
                    "location": "16:1434383-1444556",
                    "ensembl_id": "ENSG00000197599"
                  }
                }
              },
              "hgnc_date_symbol_changed": "2008-08-07"
            },
            "penetrance": null,
            "phenotypes": [],
            "transcript": [],
            "entity_name": "CCDC154",
            "entity_type": "gene",
            "publications": [],
            "confidence_level": "2",
            "mode_of_inheritance": "X-LINKED: hemizygous mutation in males, biallelic mutations in females",
            "mode_of_pathogenicity": null
          }
        ],
        "stats": {
          "number_of_strs": 0,
          "number_of_genes": 3,
          "number_of_regions": 0
        },
        "types": [
          {
            "name": "Rare Disease Test Directory",
            "slug": "rare-disease-test-directory",
            "description": "Rare Disease Test Directory"
          }
        ],
        "status": "public",
        "hash_id": null,
        "regions": [],
        "version": "0.7",
        "disease_group": "",
        "version_created": "2023-11-16T11:46:04.731415Z",
        "disease_sub_group": "",
        "relevant_disorders": []
      },
      "signed_off_date": null
    }
  },
  {
    "model": "panels.historicalsnapshot",
    "pk": 9,
    "fields": {
      "panel": 2,
      "major_version": 0,
      "minor_version": 8,
      "reason": null,
      "schema_version": "0.0.0",
      "data": {
        "id": 2,
        "name": "Test Panel 02",
        "strs": [],
        "genes": [
          {
            "tags": ["test02"],
            "evidence": ["Expert Review Green", "Other"],
            "gene_data": {
              "alias": [],
              "biotype": "protein_coding",
              "hgnc_id": "HGNC:13666",
              "gene_name": "aladin WD repeat nucleoporin",
              "omim_gene": ["605378"],
              "alias_name": ["aladin", "Allgrove, triple-A", "adracalin"],
              "gene_symbol": "AAAS",
              "hgnc_symbol": "AAAS",
              "hgnc_release": "2017-11-03",
              "ensembl_genes": {
                "GRch37": {
                  "82": {
                    "location": "12:53701240-53718648",
                    "ensembl_id": "ENSG00000094914"
                  }
                },
                "GRch38": {
                  "90": {
                    "location": "12:53307456-53324864",
                    "ensembl_id": "ENSG00000094914"
                  }
                }
              },
              "hgnc_date_symbol_changed": "2000-11-08"
            },
            "penetrance": null,
            "phenotypes": [],
            "transcript": [],
            "entity_name": "AAAS",
            "entity_type": "gene",
            "publications": [],
            "confidence_level": "3",
            "mode_of_inheritance": "MONOALLELIC, autosomal or pseudoautosomal, maternally imprinted (paternal allele expressed)",
            "mode_of_pathogenicity": "Other"
          },
          {
            "tags": ["test01"],
            "evidence": [
              "Expert Review Green",
              "Radboud University Medical Center, Nijmegen"
            ],
            "gene_data": {
              "alias": ["RNF53", "BRCC1", "PPP1R53", "FANCS"],
              "biotype": "protein_coding",
              "hgnc_id": "HGNC:1100",
              "gene_name": "BRCA1, DNA repair associated",
              "omim_gene": ["113705"],
              "alias_name": [
                "BRCA1/BRCA2-containing complex, subunit 1",
                "protein phosphatase 1, regulatory subunit 53",
                "Fanconi anemia, complementation group S"
              ],
              "gene_symbol": "BRCA1",
              "hgnc_symbol": "BRCA1",
              "hgnc_release": "2017-11-03",
              "ensembl_genes": {
                "GRch37": {
                  "82": {
                    "location": "17:41196312-41277500",
                    "ensembl_id": "ENSG00000012048"
                  }
                },
                "GRch38": {
                  "90": {
                    "location": "17:43044295-43170245",
                    "ensembl_id": "ENSG00000012048"
                  }
                }
              },
              "hgnc_date_symbol_changed": "1991-02-20"
            },
            "penetrance": "Complete",
            "phenotypes": [],
            "transcript": [],
            "entity_name": "BRCA1",
            "entity_type": "gene",
            "publications": ["1234"],
            "confidence_level": "3",
            "mode_of_inheritance": "MONOALLELIC, autosomal or pseudoautosomal, NOT imprinted",
            "mode_of_pathogenicity": "Loss-of-function variants (as defined in pop up message) DO NOT cause this phenotype - please provide details in the comments"
          },
          {
            "tags": ["test03"],
            "evidence": ["Expert Review Amber", "Other"],
            "gene_data": {
              "alias": ["LOC645811"],
              "biotype": "protein_coding",
              "hgnc_id": "HGNC:34454",
              "gene_name": "coiled-coil domain containing 154",
              "omim_gene": null,
              "alias_name": null,
              "gene_symbol": "CCDC154",
              "hgnc_symbol": "CCDC154",
              "hgnc_release": "2017-11-03",
              "ensembl_genes": {
                "GRch37": {
                  "82": {
                    "location": "16:1484384-1494557",
                    "ensembl_id": "ENSG00000197599"
                  }
                },
                "GRch38": {
                  "90": {
                    "location": "16:1434383-1444556",
                    "ensembl_id": "ENSG00000197599"
                  }
                }
              },
              "hgnc_date_symbol_changed": "2008-08-07"
            },
            "penetrance": null,
            "phenotypes": [],
            "transcript": [],
            "entity_name": "CCDC154",
            "entity_type": "gene",
            "publications": [],
            "confidence_level": "2",
            "mode_of_inheritance": "X-LINKED: hemizygous mutation in males, biallelic mutations in females",
            "mode_of_pathogenicity": null
          },
          {
            "tags": [],
            "evidence": ["UKGTN"],
            "gene_data": {
              "alias": ["DEFB-15"],
              "biotype": "protein_coding",
              "hgnc_id": "HGNC:18096",
              "gene_name": "defensin beta 115",
              "omim_gene": null,
              "alias_name": null,
              "gene_symbol": "DEFB115",
              "hgnc_symbol": "DEFB115",
              "hgnc_release": "2017-11-03",
              "ensembl_genes": {
                "GRch37": {
                  "82": {
                    "location": "20:29845467-29847435",
                    "ensembl_id": "ENSG00000215547"
                  }
                },
                "GRch38": {
                  "90": {
                    "location": "20:31257664-31259632",
                    "ensembl_id": "ENSG00000215547"
                  }
                }
              },
              "hgnc_date_symbol_changed": "2002-05-09"
            },
            "penetrance": null,
            "phenotypes": [],
            "transcript": [],
            "entity_name": "DEFB115",
            "entity_type": "gene",
            "publications": [],
            "confidence_level": "1",
            "mode_of_inheritance": "Unknown",
            "mode_of_pathogenicity": null
          }
        ],
        "stats": {
          "number_of_strs": 0,
          "number_of_genes": 4,
          "number_of_regions": 0
        },
        "types": [
          {
            "name": "Rare Disease Test Directory",
            "slug": "rare-disease-test-directory",
            "description": "Rare Disease Test Directory"
          }
        ],
        "status": "public",
        "hash_id": null,
        "regions": [],
        "version": "0.8",
        "disease_group": "",
        "version_created": "2023-11-16T11:48:03.917737Z",
        "disease_sub_group": "",
        "relevant_disorders": []
      },
      "signed_off_date": null
    }
  },
  {
    "model": "panels.historicalsnapshot",
    "pk": 10,
    "fields": {
      "panel": 2,
      "major_version": 0,
      "minor_version": 9,
      "reason": null,
      "schema_version": "0.0.0",
      "data": {
        "id": 2,
        "name": "Test Panel 02",
        "strs": [],
        "genes": [
          {
            "tags": ["test02"],
            "evidence": ["Expert Review Green", "Other"],
            "gene_data": {
              "alias": [],
              "biotype": "protein_coding",
              "hgnc_id": "HGNC:13666",
              "gene_name": "aladin WD repeat nucleoporin",
              "omim_gene": ["605378"],
              "alias_name": ["aladin", "Allgrove, triple-A", "adracalin"],
              "gene_symbol": "AAAS",
              "hgnc_symbol": "AAAS",
              "hgnc_release": "2017-11-03",
              "ensembl_genes": {
                "GRch37": {
                  "82": {
                    "location": "12:53701240-53718648",
                    "ensembl_id": "ENSG00000094914"
                  }
                },
                "GRch38": {
                  "90": {
                    "location": "12:53307456-53324864",
                    "ensembl_id": "ENSG00000094914"
                  }
                }
              },
              "hgnc_date_symbol_changed": "2000-11-08"
            },
            "penetrance": null,
            "phenotypes": [],
            "transcript": [],
            "entity_name": "AAAS",
            "entity_type": "gene",
            "publications": [],
            "confidence_level": "3",
            "mode_of_inheritance": "MONOALLELIC, autosomal or pseudoautosomal, maternally imprinted (paternal allele expressed)",
            "mode_of_pathogenicity": "Other"
          },
          {
            "tags": ["test01"],
            "evidence": [
              "Expert Review Green",
              "Radboud University Medical Center, Nijmegen"
            ],
            "gene_data": {
              "alias": ["RNF53", "BRCC1", "PPP1R53", "FANCS"],
              "biotype": "protein_coding",
              "hgnc_id": "HGNC:1100",
              "gene_name": "BRCA1, DNA repair associated",
              "omim_gene": ["113705"],
              "alias_name": [
                "BRCA1/BRCA2-containing complex, subunit 1",
                "protein phosphatase 1, regulatory subunit 53",
                "Fanconi anemia, complementation group S"
              ],
              "gene_symbol": "BRCA1",
              "hgnc_symbol": "BRCA1",
              "hgnc_release": "2017-11-03",
              "ensembl_genes": {
                "GRch37": {
                  "82": {
                    "location": "17:41196312-41277500",
                    "ensembl_id": "ENSG00000012048"
                  }
                },
                "GRch38": {
                  "90": {
                    "location": "17:43044295-43170245",
                    "ensembl_id": "ENSG00000012048"
                  }
                }
              },
              "hgnc_date_symbol_changed": "1991-02-20"
            },
            "penetrance": "Complete",
            "phenotypes": [],
            "transcript": [],
            "entity_name": "BRCA1",
            "entity_type": "gene",
            "publications": ["1234"],
            "confidence_level": "3",
            "mode_of_inheritance": "MONOALLELIC, autosomal or pseudoautosomal, NOT imprinted",
            "mode_of_pathogenicity": "Loss-of-function variants (as defined in pop up message) DO NOT cause this phenotype - please provide details in the comments"
          },
          {
            "tags": [],
            "evidence": ["Expert Review Green", "UKGTN"],
            "gene_data": {
              "alias": ["DEFB-15"],
              "biotype": "protein_coding",
              "hgnc_id": "HGNC:18096",
              "gene_name": "defensin beta 115",
              "omim_gene": null,
              "alias_name": null,
              "gene_symbol": "DEFB115",
              "hgnc_symbol": "DEFB115",
              "hgnc_release": "2017-11-03",
              "ensembl_genes": {
                "GRch37": {
                  "82": {
                    "location": "20:29845467-29847435",
                    "ensembl_id": "ENSG00000215547"
                  }
                },
                "GRch38": {
                  "90": {
                    "location": "20:31257664-31259632",
                    "ensembl_id": "ENSG00000215547"
                  }
                }
              },
              "hgnc_date_symbol_changed": "2002-05-09"
            },
            "penetrance": null,
            "phenotypes": [],
            "transcript": [],
            "entity_name": "DEFB115",
            "entity_type": "gene",
            "publications": [],
            "confidence_level": "3",
            "mode_of_inheritance": "Unknown",
            "mode_of_pathogenicity": null
          },
          {
            "tags": ["test03"],
            "evidence": ["Expert Review Amber", "Other"],
            "gene_data": {
              "alias": ["LOC645811"],
              "biotype": "protein_coding",
              "hgnc_id": "HGNC:34454",
              "gene_name": "coiled-coil domain containing 154",
              "omim_gene": null,
              "alias_name": null,
              "gene_symbol": "CCDC154",
              "hgnc_symbol": "CCDC154",
              "hgnc_release": "2017-11-03",
              "ensembl_genes": {
                "GRch37": {
                  "82": {
                    "location": "16:1484384-1494557",
                    "ensembl_id": "ENSG00000197599"
                  }
                },
                "GRch38": {
                  "90": {
                    "location": "16:1434383-1444556",
                    "ensembl_id": "ENSG00000197599"
                  }
                }
              },
              "hgnc_date_symbol_changed": "2008-08-07"
            },
            "penetrance": null,
            "phenotypes": [],
            "transcript": [],
            "entity_name": "CCDC154",
            "entity_type": "gene",
            "publications": [],
            "confidence_level": "2",
            "mode_of_inheritance": "X-LINKED: hemizygous mutation in males, biallelic mutations in females",
            "mode_of_pathogenicity": null
          }
        ],
        "stats": {
          "number_of_strs": 0,
          "number_of_genes": 4,
          "number_of_regions": 0
        },
        "types": [
          {
            "name": "Rare Disease Test Directory",
            "slug": "rare-disease-test-directory",
            "description": "Rare Disease Test Directory"
          }
        ],
        "status": "public",
        "hash_id": null,
        "regions": [],
        "version": "0.9",
        "disease_group": "",
        "version_created": "2023-11-16T11:48:14.882047Z",
        "disease_sub_group": "",
        "relevant_disorders": []
      },
      "signed_off_date": null
    }
  },
  {
    "model": "panels.historicalsnapshot",
    "pk": 11,
    "fields": {
      "panel": 2,
      "major_version": 0,
      "minor_version": 10,
      "reason": null,
      "schema_version": "0.0.0",
      "data": {
        "id": 2,
        "name": "Test Panel 02",
        "strs": [],
        "genes": [
          {
            "tags": ["test02"],
            "evidence": ["Expert Review Green", "Other"],
            "gene_data": {
              "alias": [],
              "biotype": "protein_coding",
              "hgnc_id": "HGNC:13666",
              "gene_name": "aladin WD repeat nucleoporin",
              "omim_gene": ["605378"],
              "alias_name": ["aladin", "Allgrove, triple-A", "adracalin"],
              "gene_symbol": "AAAS",
              "hgnc_symbol": "AAAS",
              "hgnc_release": "2017-11-03",
              "ensembl_genes": {
                "GRch37": {
                  "82": {
                    "location": "12:53701240-53718648",
                    "ensembl_id": "ENSG00000094914"
                  }
                },
                "GRch38": {
                  "90": {
                    "location": "12:53307456-53324864",
                    "ensembl_id": "ENSG00000094914"
                  }
                }
              },
              "hgnc_date_symbol_changed": "2000-11-08"
            },
            "penetrance": null,
            "phenotypes": [],
            "transcript": [],
            "entity_name": "AAAS",
            "entity_type": "gene",
            "publications": [],
            "confidence_level": "3",
            "mode_of_inheritance": "MONOALLELIC, autosomal or pseudoautosomal, maternally imprinted (paternal allele expressed)",
            "mode_of_pathogenicity": "Other"
          },
          {
            "tags": ["test01"],
            "evidence": [
              "Expert Review Green",
              "Radboud University Medical Center, Nijmegen"
            ],
            "gene_data": {
              "alias": ["RNF53", "BRCC1", "PPP1R53", "FANCS"],
              "biotype": "protein_coding",
              "hgnc_id": "HGNC:1100",
              "gene_name": "BRCA1, DNA repair associated",
              "omim_gene": ["113705"],
              "alias_name": [
                "BRCA1/BRCA2-containing complex, subunit 1",
                "protein phosphatase 1, regulatory subunit 53",
                "Fanconi anemia, complementation group S"
              ],
              "gene_symbol": "BRCA1",
              "hgnc_symbol": "BRCA1",
              "hgnc_release": "2017-11-03",
              "ensembl_genes": {
                "GRch37": {
                  "82": {
                    "location": "17:41196312-41277500",
                    "ensembl_id": "ENSG00000012048"
                  }
                },
                "GRch38": {
                  "90": {
                    "location": "17:43044295-43170245",
                    "ensembl_id": "ENSG00000012048"
                  }
                }
              },
              "hgnc_date_symbol_changed": "1991-02-20"
            },
            "penetrance": "Complete",
            "phenotypes": [],
            "transcript": [],
            "entity_name": "BRCA1",
            "entity_type": "gene",
            "publications": ["1234"],
            "confidence_level": "3",
            "mode_of_inheritance": "MONOALLELIC, autosomal or pseudoautosomal, NOT imprinted",
            "mode_of_pathogenicity": "Loss-of-function variants (as defined in pop up message) DO NOT cause this phenotype - please provide details in the comments"
          },
          {
            "tags": [],
            "evidence": ["Expert Review Green", "UKGTN"],
            "gene_data": {
              "alias": ["DEFB-15"],
              "biotype": "protein_coding",
              "hgnc_id": "HGNC:18096",
              "gene_name": "defensin beta 115",
              "omim_gene": null,
              "alias_name": null,
              "gene_symbol": "DEFB115",
              "hgnc_symbol": "DEFB115",
              "hgnc_release": "2017-11-03",
              "ensembl_genes": {
                "GRch37": {
                  "82": {
                    "location": "20:29845467-29847435",
                    "ensembl_id": "ENSG00000215547"
                  }
                },
                "GRch38": {
                  "90": {
                    "location": "20:31257664-31259632",
                    "ensembl_id": "ENSG00000215547"
                  }
                }
              },
              "hgnc_date_symbol_changed": "2002-05-09"
            },
            "penetrance": null,
            "phenotypes": [],
            "transcript": [],
            "entity_name": "DEFB115",
            "entity_type": "gene",
            "publications": [],
            "confidence_level": "3",
            "mode_of_inheritance": "Unknown",
            "mode_of_pathogenicity": null
          },
          {
            "tags": ["test03"],
            "evidence": ["Expert Review Amber", "Other"],
            "gene_data": {
              "alias": ["LOC645811"],
              "biotype": "protein_coding",
              "hgnc_id": "HGNC:34454",
              "gene_name": "coiled-coil domain containing 154",
              "omim_gene": null,
              "alias_name": null,
              "gene_symbol": "CCDC154",
              "hgnc_symbol": "CCDC154",
              "hgnc_release": "2017-11-03",
              "ensembl_genes": {
                "GRch37": {
                  "82": {
                    "location": "16:1484384-1494557",
                    "ensembl_id": "ENSG00000197599"
                  }
                },
                "GRch38": {
                  "90": {
                    "location": "16:1434383-1444556",
                    "ensembl_id": "ENSG00000197599"
                  }
                }
              },
              "hgnc_date_symbol_changed": "2008-08-07"
            },
            "penetrance": null,
            "phenotypes": [],
            "transcript": [],
            "entity_name": "CCDC154",
            "entity_type": "gene",
            "publications": [],
            "confidence_level": "2",
            "mode_of_inheritance": "X-LINKED: hemizygous mutation in males, biallelic mutations in females",
            "mode_of_pathogenicity": null
          },
          {
            "tags": [],
            "evidence": ["Other"],
            "gene_data": {
              "alias": ["eIF3-p110", "eIF3c"],
              "biotype": "protein_coding",
              "hgnc_id": "HGNC:3279",
              "gene_name": "eukaryotic translation initiation factor 3 subunit C",
              "omim_gene": ["603916"],
              "alias_name": null,
              "gene_symbol": "EIF3C",
              "hgnc_symbol": "EIF3C",
              "hgnc_release": "2017-11-03",
              "ensembl_genes": {
                "GRch37": {
                  "82": {
                    "location": "16:28699879-28747051",
                    "ensembl_id": "ENSG00000184110"
                  }
                },
                "GRch38": {
                  "90": {
                    "location": "16:28688558-28735730",
                    "ensembl_id": "ENSG00000184110"
                  }
                }
              },
              "hgnc_date_symbol_changed": "2007-07-27"
            },
            "penetrance": null,
            "phenotypes": [],
            "transcript": [],
            "entity_name": "EIF3C",
            "entity_type": "gene",
            "publications": [],
            "confidence_level": "1",
            "mode_of_inheritance": "BIALLELIC, autosomal or pseudoautosomal",
            "mode_of_pathogenicity": null
          }
        ],
        "stats": {
          "number_of_strs": 0,
          "number_of_genes": 5,
          "number_of_regions": 0
        },
        "types": [
          {
            "name": "Rare Disease Test Directory",
            "slug": "rare-disease-test-directory",
            "description": "Rare Disease Test Directory"
          }
        ],
        "status": "public",
        "hash_id": null,
        "regions": [],
        "version": "0.10",
        "disease_group": "",
        "version_created": "2023-11-16T11:48:49.656590Z",
        "disease_sub_group": "",
        "relevant_disorders": []
      },
      "signed_off_date": null
    }
  },
  {
    "model": "panels.historicalsnapshot",
    "pk": 12,
    "fields": {
      "panel": 1,
      "major_version": 0,
      "minor_version": 0,
      "reason": null,
      "schema_version": "0.0.0",
      "data": {
        "id": 1,
        "name": "Test Panel 01",
        "strs": [],
        "genes": [],
        "stats": {},
        "types": [
          {
            "name": "Rare Disease 100K",
            "slug": "rare-disease-100k",
            "description": "Rare Disease 100K"
          }
        ],
        "status": "internal",
        "hash_id": null,
        "regions": [],
        "version": "0.0",
        "disease_group": "",
        "version_created": "2023-10-06T10:52:19.907000Z",
        "disease_sub_group": "",
        "relevant_disorders": []
      },
      "signed_off_date": null
    }
  },
  {
    "model": "panels.historicalsnapshot",
    "pk": 13,
    "fields": {
      "panel": 1,
      "major_version": 0,
      "minor_version": 1,
      "reason": null,
      "schema_version": "0.0.0",
      "data": {
        "id": 1,
        "name": "Test Panel 01",
        "strs": [],
        "genes": [
          {
            "tags": ["test04"],
            "evidence": ["Emory Genetics Laboratory"],
            "gene_data": {
              "alias": [],
              "biotype": "protein_coding",
              "hgnc_id": "HGNC:13666",
              "gene_name": "aladin WD repeat nucleoporin",
              "omim_gene": ["605378"],
              "alias_name": ["aladin", "Allgrove, triple-A", "adracalin"],
              "gene_symbol": "AAAS",
              "hgnc_symbol": "AAAS",
              "hgnc_release": "2017-11-03",
              "ensembl_genes": {
                "GRch37": {
                  "82": {
                    "location": "12:53701240-53718648",
                    "ensembl_id": "ENSG00000094914"
                  }
                },
                "GRch38": {
                  "90": {
                    "location": "12:53307456-53324864",
                    "ensembl_id": "ENSG00000094914"
                  }
                }
              },
              "hgnc_date_symbol_changed": "2000-11-08"
            },
            "penetrance": null,
            "phenotypes": [],
            "transcript": [],
            "entity_name": "AAAS",
            "entity_type": "gene",
            "publications": [],
            "confidence_level": "1",
            "mode_of_inheritance": "BOTH monoallelic and biallelic (but BIALLELIC mutations cause a more SEVERE disease form), autosomal or pseudoautosomal",
            "mode_of_pathogenicity": null
          }
        ],
        "stats": {
          "number_of_strs": 0,
          "number_of_genes": 1,
          "number_of_regions": 0
        },
        "types": [
          {
            "name": "Rare Disease 100K",
            "slug": "rare-disease-100k",
            "description": "Rare Disease 100K"
          }
        ],
        "status": "internal",
        "hash_id": null,
        "regions": [],
        "version": "0.1",
        "disease_group": "",
        "version_created": "2023-11-16T12:44:41.033335Z",
        "disease_sub_group": "",
        "relevant_disorders": []
      },
      "signed_off_date": null
    }
  }
]
